Workbook

Sheet Sièges
A1: MODÈLE VIVANT QC125 – PROJECTIONS ÉLECTORALES v3.0
A2: Synopsis Recherche / La Presse, 24-26 août 2026 | Source: DGEQ 2022 + 2018 | Seuil majorité: 63 sièges
A4: Scénario | B4: CAQ | C4: PLQ | D4: QS | E4: PQ | F4: PCQ | G4: Autre | H4: Majorité?
A5: Référence 2022 (DGEQ) | B5: =COUNTIF(Modèle!$C$2:$C$126,"CAQ") -> 90 | C5: =COUNTIF(Modèle!$C$2:$C$126,"PLQ") -> 21 | D5: =COUNTIF(Modèle!$C$2:$C$126,"QS") -> 11 | E5: =COUNTIF(Modèle!$C$2:$C$126,"PQ") -> 3 | F5: =COUNTIF(Modèle!$C$2:$C$126,"PCQ") -> 0 | G5: =COUNTIF(Modèle!$C$2:$C$126,"Autre") -> 0 | H5: =IF(MAX(B5:G5)>=63,"OUI ✓","non") -> OUI ✓
A6: Scén. A – Swing proportionnel | B6: =COUNTIF(Modèle!$AO$2:$AO$126,"CAQ") -> 46 | C6: =COUNTIF(Modèle!$AO$2:$AO$126,"PLQ") -> 35 | D6: =COUNTIF(Modèle!$AO$2:$AO$126,"QS") -> 6 | E6: =COUNTIF(Modèle!$AO$2:$AO$126,"PQ") -> 34 | F6: =COUNTIF(Modèle!$AO$2:$AO$126,"PCQ") -> 4 | G6: =COUNTIF(Modèle!$AO$2:$AO$126,"Autre") -> 0 | H6: =IF(MAX(B6:G6)>=63,"OUI ✓","non") -> non
A7: Scén. B – A + Inertie locale | B7: =COUNTIF(Modèle!$AP$2:$AP$126,"CAQ") -> 46 | C7: =COUNTIF(Modèle!$AP$2:$AP$126,"PLQ") -> 35 | D7: =COUNTIF(Modèle!$AP$2:$AP$126,"QS") -> 6 | E7: =COUNTIF(Modèle!$AP$2:$AP$126,"PQ") -> 31 | F7: =COUNTIF(Modèle!$AP$2:$AP$126,"PCQ") -> 7 | G7: =COUNTIF(Modèle!$AP$2:$AP$126,"Autre") -> 0 | H7: =IF(MAX(B7:G7)>=63,"OUI ✓","non") -> non
A8: Scén. C – Fourchette haute (+3,5pp) | B8: =COUNTIF(Modèle!$AQ$2:$AQ$126,"CAQ") -> 45 | C8: =COUNTIF(Modèle!$AQ$2:$AQ$126,"PLQ") -> 35 | D8: =COUNTIF(Modèle!$AQ$2:$AQ$126,"QS") -> 6 | E8: =COUNTIF(Modèle!$AQ$2:$AQ$126,"PQ") -> 34 | F8: =COUNTIF(Modèle!$AQ$2:$AQ$126,"PCQ") -> 5 | G8: =COUNTIF(Modèle!$AQ$2:$AQ$126,"Autre") -> 0 | H8: =IF(MAX(B8:G8)>=63,"OUI ✓","non") -> non
A9: Scén. D – Fourchette basse (–3,5pp) | B9: =COUNTIF(Modèle!$AR$2:$AR$126,"CAQ") -> 46 | C9: =COUNTIF(Modèle!$AR$2:$AR$126,"PLQ") -> 35 | D9: =COUNTIF(Modèle!$AR$2:$AR$126,"QS") -> 5 | E9: =COUNTIF(Modèle!$AR$2:$AR$126,"PQ") -> 35 | F9: =COUNTIF(Modèle!$AR$2:$AR$126,"PCQ") -> 4 | G9: =COUNTIF(Modèle!$AR$2:$AR$126,"Autre") -> 0 | H9: =IF(MAX(B9:G9)>=63,"OUI ✓","non") -> non
A11: Fourchette min (C vs D) | B11: =MIN(B8,B9) -> 45 | C11: =MIN(C8,C9) -> 35 | D11: =MIN(D8,D9) -> 5 | E11: =MIN(E8,E9) -> 34 | F11: =MIN(F8,F9) -> 4 | G11: =MIN(G8,G9) -> 0
A12: Fourchette max (C vs D) | B12: =MAX(B8,B9) -> 46 | C12: =MAX(C8,C9) -> 35 | D12: =MAX(D8,D9) -> 6 | E12: =MAX(E8,E9) -> 35 | F12: =MAX(F8,F9) -> 5 | G12: =MAX(G8,G9) -> 0
A14: Bascules potentielles (marge <5%pt): | B14: =COUNTIF(Modèle!AT2:AT126,"Oui") -> 10
A16: LÉGENDE | A: swing proportionnel (sondage/réf 2022) | B: A + inertie locale 2018→2022 (facteur 0,5) | C/D: fourchette ±3,5pp sur le sondage | Zone bleue Régions!H2:M6 = sondage à mettre à jour | Paramètres: Régions!N2 (marge d'erreur), O2 (facteur inertie)

Sheet Modèle
A1: Circonscription | B1: Région | C1: Vainqueur 2022 | D1: CAQ 2022 | E1: PLQ 2022 | F1: QS 2022 | G1: PQ 2022 | H1: PCQ 2022 | I1: Autre 2022 | J1: Total | K1: % CAQ | L1: % PLQ | M1: % QS | N1: % PQ | O1: % PCQ | P1: % Autre | Q1: A-CAQ | R1: A-PLQ | S1: A-QS | T1: A-PQ | U1: A-PCQ | V1: A-Autre | W1: B-CAQ | X1: B-PLQ | Y1: B-QS | Z1: B-PQ | AA1: B-PCQ | AB1: B-Autre | AC1: C-CAQ | AD1: C-PLQ | AE1: C-QS | AF1: C-PQ | AG1: C-PCQ | AH1: C-Autre | AI1: D-CAQ | AJ1: D-PLQ | AK1: D-QS | AL1: D-PQ | AM1: D-PCQ | AN1: D-Autre | AO1: Vainq. A | AP1: Vainq. B | AQ1: Vainq. C | AR1: Vainq. D | AS1: Marge 2022 | AT1: Bascule | AU1: Résidu CAQ | AV1: Résidu PLQ | AW1: Résidu QS | AX1: Résidu PQ
A2: Abitibi-Est | B2: Reste du Québec | C2: CAQ | D2: 9762 | E2: 3044 | F2: 2838 | G2: 2565 | H2: 2486 | I2: 0 | J2: =SUM(D2:I2) -> 20695 | K2: =IFERROR(D2/J2,0) -> 0.47170814 | L2: =IFERROR(E2/J2,0) -> 0.14708867 | M2: =IFERROR(F2/J2,0) -> 0.13713457 | N2: =IFERROR(G2/J2,0) -> 0.12394298 | O2: =IFERROR(H2/J2,0) -> 0.12012563 | P2: =IFERROR(I2/J2,0) -> 0 | Q2: =D2*INDEX(Régions!$T$2:$T$6,MATCH($B2,Régions!$A$2:$A$6,0)) -> 5766.5823 | R2: =E2*INDEX(Régions!$U$2:$U$6,MATCH($B2,Régions!$A$2:$A$6,0)) -> 6967.6681 | S2: =F2*INDEX(Régions!$V$2:$V$6,MATCH($B2,Régions!$A$2:$A$6,0)) -> 1700.6742 | T2: =G2*INDEX(Régions!$W$2:$W$6,MATCH($B2,Régions!$A$2:$A$6,0)) -> 4483.7251 | U2: =H2*INDEX(Régions!$X$2:$X$6,MATCH($B2,Régions!$A$2:$A$6,0)) -> 2825 | V2: =I2*INDEX(Régions!$Y$2:$Y$6,MATCH($B2,Régions!$A$2:$A$6,0)) -> 0 | W2: =Q2+(AU2/100)*J2*Régions!$O$2 -> 5584.2593 | X2: =R2+(AV2/100)*J2*Régions!$O$2 -> 7871.7292 | Y2: =S2+(AW2/100)*J2*Régions!$O$2 -> 1607.3397 | Z2: =T2+(AX2/100)*J2*Régions!$O$2 -> 4185.8206 | AA2: =U2 -> 2825 | AB2: =V2 -> 0 | AC2: =D2*INDEX(Régions!$Z$2:$Z$6,MATCH($B2,Régions!$A$2:$A$6,0)) -> 6446.2152 | AD2: =E2*INDEX(Régions!$AA$2:$AA$6,MATCH($B2,Régions!$A$2:$A$6,0)) -> 8404.7496 | AE2: =F2*INDEX(Régions!$AB$2:$AB$6,MATCH($B2,Régions!$A$2:$A$6,0)) -> 2402.2022 | AF2: =G2*INDEX(Régions!$AC$2:$AC$6,MATCH($B2,Régions!$A$2:$A$6,0)) -> 4993.9421 | AG2: =H2*INDEX(Régions!$AD$2:$AD$6,MATCH($B2,Régions!$A$2:$A$6,0)) -> 3373.3824 | AH2: =I2*INDEX(Régions!$AE$2:$AE$6,MATCH($B2,Régions!$A$2:$A$6,0)) -> 0 | AI2: =D2*INDEX(Régions!$AF$2:$AF$6,MATCH($B2,Régions!$A$2:$A$6,0)) -> 5086.9494 | AJ2: =E2*INDEX(Régions!$AG$2:$AG$6,MATCH($B2,Régions!$A$2:$A$6,0)) -> 5530.5866 | AK2: =F2*INDEX(Régions!$AH$2:$AH$6,MATCH($B2,Régions!$A$2:$A$6,0)) -> 999.14607 | AL2: =G2*INDEX(Régions!$AI$2:$AI$6,MATCH($B2,Régions!$A$2:$A$6,0)) -> 3973.5081 | AM2: =H2*INDEX(Régions!$AJ$2:$AJ$6,MATCH($B2,Régions!$A$2:$A$6,0)) -> 2276.6176 | AN2: =I2*INDEX(Régions!$AK$2:$AK$6,MATCH($B2,Régions!$A$2:$A$6,0)) -> 0 | AO2: =INDEX({"CAQ","PLQ","QS","PQ","PCQ","Autre"},MATCH(MAX(Q2:V2),Q2:V2,0)) -> PLQ | AP2: =INDEX({"CAQ","PLQ","QS","PQ","PCQ","Autre"},MATCH(MAX(W2:AB2),W2:AB2,0)) -> PLQ | AQ2: =INDEX({"CAQ","PLQ","QS","PQ","PCQ","Autre"},MATCH(MAX(AC2:AH2),AC2:AH2,0)) -> PLQ | AR2: =INDEX({"CAQ","PLQ","QS","PQ","PCQ","Autre"},MATCH(MAX(AI2:AN2),AI2:AN2,0)) -> PLQ | AS2: =(MAX(K2:P2)-LARGE(K2:P2,2))*100 -> 32.461947 | AT2: =IF(AS2<5,"Oui","Non") -> Non | AU2: -1.762 | AV2: 8.737 | AW2: -0.902 | AX2: -2.879
A3: Abitibi-Ouest | B3: Reste du Québec | C3: CAQ | D3: 10399 | E3: 1153 | F3: 3623 | G3: 4619 | H3: 2293 | I3: 159 | J3: =SUM(D3:I3) -> 22246 | K3: =IFERROR(D3/J3,0) -> 0.46745482 | L3: =IFERROR(E3/J3,0) -> 0.051829542 | M3: =IFERROR(F3/J3,0) -> 0.16286074 | N3: =IFERROR(G3/J3,0) -> 0.20763283 | O3: =IFERROR(H3/J3,0) -> 0.10307471 | P3: =IFERROR(I3/J3,0) -> 0.0071473523 | Q3: =D3*INDEX(Régions!$T$2:$T$6,MATCH($B3,Régions!$A$2:$A$6,0)) -> 6142.8692 | R3: =E3*INDEX(Régions!$U$2:$U$6,MATCH($B3,Régions!$A$2:$A$6,0)) -> 2639.1989 | S3: =F3*INDEX(Régions!$V$2:$V$6,MATCH($B3,Régions!$A$2:$A$6,0)) -> 2171.0861 | T3: =G3*INDEX(Régions!$W$2:$W$6,MATCH($B3,Régions!$A$2:$A$6,0)) -> 8074.2013 | U3: =H3*INDEX(Régions!$X$2:$X$6,MATCH($B3,Régions!$A$2:$A$6,0)) -> 2605.6818 | V3: =I3*INDEX(Régions!$Y$2:$Y$6,MATCH($B3,Régions!$A$2:$A$6,0)) -> 223.94366 | W3: =Q3+(AU3/100)*J3*Régions!$O$2 -> 6855.9647 | X3: =R3+(AV3/100)*J3*Régions!$O$2 -> 3378.9896 | Y3: =S3+(AW3/100)*J3*Régions!$O$2 -> 2252.9514 | Z3: =T3+(AX3/100)*J3*Régions!$O$2 -> 7152.772 | AA3: =U3 -> 2605.6818 | AB3: =V3 -> 223.94366 | AC3: =D3*INDEX(Régions!$Z$2:$Z$6,MATCH($B3,Régions!$A$2:$A$6,0)) -> 6866.8502 | AD3: =E3*INDEX(Régions!$AA$2:$AA$6,MATCH($B3,Régions!$A$2:$A$6,0)) -> 3183.5336 | AE3: =F3*INDEX(Régions!$AB$2:$AB$6,MATCH($B3,Régions!$A$2:$A$6,0)) -> 3066.6592 | AF3: =G3*INDEX(Régions!$AC$2:$AC$6,MATCH($B3,Régions!$A$2:$A$6,0)) -> 8992.9898 | AG3: =H3*INDEX(Régions!$AD$2:$AD$6,MATCH($B3,Régions!$A$2:$A$6,0)) -> 3111.4906 | AH3: =I3*INDEX(Régions!$AE$2:$AE$6,MATCH($B3,Régions!$A$2:$A$6,0)) -> 962.95775 | AI3: =D3*INDEX(Régions!$AF$2:$AF$6,MATCH($B3,Régions!$A$2:$A$6,0)) -> 5418.8882 | AJ3: =E3*INDEX(Régions!$AG$2:$AG$6,MATCH($B3,Régions!$A$2:$A$6,0)) -> 2094.8641 | AK3: =F3*INDEX(Régions!$AH$2:$AH$6,MATCH($B3,Régions!$A$2:$A$6,0)) -> 1275.5131 | AL3: =G3*INDEX(Régions!$AI$2:$AI$6,MATCH($B3,Régions!$A$2:$A$6,0)) -> 7155.4129 | AM3: =H3*INDEX(Régions!$AJ$2:$AJ$6,MATCH($B3,Régions!$A$2:$A$6,0)) -> 2099.873 | AN3: =I3*INDEX(Régions!$AK$2:$AK$6,MATCH($B3,Régions!$A$2:$A$6,0)) -> 0 | AO3: =INDEX({"CAQ","PLQ","QS","PQ","PCQ","Autre"},MATCH(MAX(Q3:V3),Q3:V3,0)) -> PQ | AP3: =INDEX({"CAQ","PLQ","QS","PQ","PCQ","Autre"},MATCH(MAX(W3:AB3),W3:AB3,0)) -> PQ | AQ3: =INDEX({"CAQ","PLQ","QS","PQ","PCQ","Autre"},MATCH(MAX(AC3:AH3),AC3:AH3,0)) -> PQ | AR3: =INDEX({"CAQ","PLQ","QS","PQ","PCQ","Autre"},MATCH(MAX(AI3:AN3),AI3:AN3,0)) -> PQ | AS3: =(MAX(K3:P3)-LARGE(K3:P3,2))*100 -> 25.982199 | AT3: =IF(AS3<5,"Oui","Non") -> Non | AU3: 6.411 | AV3: 6.651 | AW3: 0.736 | AX3: -8.284
A4: Acadie | B4: Île de Montréal | C4: PLQ | D4: 4446 | E4: 10981 | F4: 4468 | G4: 2565 | H4: 2955 | I4: 569 | J4: =SUM(D4:I4) -> 25984 | K4: =IFERROR(D4/J4,0) -> 0.1711053 | L4: =IFERROR(E4/J4,0) -> 0.42260622 | M4: =IFERROR(F4/J4,0) -> 0.17195197 | N4: =IFERROR(G4/J4,0) -> 0.098714594 | O4: =IFERROR(H4/J4,0) -> 0.11372383 | P4: =IFERROR(I4/J4,0) -> 0.021898091 | Q4: =D4*INDEX(Régions!$T$2:$T$6,MATCH($B4,Régions!$A$2:$A$6,0)) -> 3332.8336 | R4: =E4*INDEX(Régions!$U$2:$U$6,MATCH($B4,Régions!$A$2:$A$6,0)) -> 10961.656 | S4: =F4*INDEX(Régions!$V$2:$V$6,MATCH($B4,Régions!$A$2:$A$6,0)) -> 3429.1648 | T4: =G4*INDEX(Régions!$W$2:$W$6,MATCH($B4,Régions!$A$2:$A$6,0)) -> 5769.447 | U4: =H4*INDEX(Régions!$X$2:$X$6,MATCH($B4,Régions!$A$2:$A$6,0)) -> 2371.1133 | V4: =I4*INDEX(Régions!$Y$2:$Y$6,MATCH($B4,Régions!$A$2:$A$6,0)) -> 363.57827 | W4: =Q4+(AU4/100)*J4*Régions!$O$2 -> 3136.1347 | X4: =R4+(AV4/100)*J4*Régions!$O$2 -> 10562.931 | Y4: =S4+(AW4/100)*J4*Régions!$O$2 -> 3816.7161 | Z4: =T4+(AX4/100)*J4*Régions!$O$2 -> 6044.2278 | AA4: =U4 -> 2371.1133 | AB4: =V4 -> 363.57827 | AC4: =D4*INDEX(Régions!$Z$2:$Z$6,MATCH($B4,Régions!$A$2:$A$6,0)) -> 4066.057 | AD4: =E4*INDEX(Régions!$AA$2:$AA$6,MATCH($B4,Régions!$A$2:$A$6,0)) -> 12025.581 | AE4: =F4*INDEX(Régions!$AB$2:$AB$6,MATCH($B4,Régions!$A$2:$A$6,0)) -> 4094.8262 | AF4: =G4*INDEX(Régions!$AC$2:$AC$6,MATCH($B4,Régions!$A$2:$A$6,0)) -> 6562.746 | AG4: =H4*INDEX(Régions!$AD$2:$AD$6,MATCH($B4,Régions!$A$2:$A$6,0)) -> 3349.1976 | AH4: =I4*INDEX(Régions!$AE$2:$AE$6,MATCH($B4,Régions!$A$2:$A$6,0)) -> 963.48243 | AI4: =D4*INDEX(Régions!$AF$2:$AF$6,MATCH($B4,Régions!$A$2:$A$6,0)) -> 2599.6102 | AJ4: =E4*INDEX(Régions!$AG$2:$AG$6,MATCH($B4,Régions!$A$2:$A$6,0)) -> 9897.7305 | AK4: =F4*INDEX(Régions!$AH$2:$AH$6,MATCH($B4,Régions!$A$2:$A$6,0)) -> 2763.5034 | AL4: =G4*INDEX(Régions!$AI$2:$AI$6,MATCH($B4,Régions!$A$2:$A$6,0)) -> 4976.1481 | AM4: =H4*INDEX(Régions!$AJ$2:$AJ$6,MATCH($B4,Régions!$A$2:$A$6,0)) -> 1393.0291 | AN4: =I4*INDEX(Régions!$AK$2:$AK$6,MATCH($B4,Régions!$A$2:$A$6,0)) -> 0 | AO4: =INDEX({"CAQ","PLQ","QS","PQ","PCQ","Autre"},MATCH(MAX(Q4:V4),Q4:V4,0)) -> PLQ | AP4: =INDEX({"CAQ","PLQ","QS","PQ","PCQ","Autre"},MATCH(MAX(W4:AB4),W4:AB4,0)) -> PLQ | AQ4: =INDEX({"CAQ","PLQ","QS","PQ","PCQ","Autre"},MATCH(MAX(AC4:AH4),AC4:AH4,0)) -> PLQ | AR4: =INDEX({"CAQ","PLQ","QS","PQ","PCQ","Autre"},MATCH(MAX(AI4:AN4),AI4:AN4,0)) -> PLQ | AS4: =(MAX(K4:P4)-LARGE(K4:P4,2))*100 -> 25.065425 | AT4: =IF(AS4<5,"Oui","Non") -> Non | AU4: -1.514 | AV4: -3.069 | AW4: 2.983 | AX4: 2.115
A5: Anjou-Louis-Riel | B5: Île de Montréal | C5: CAQ | D5: 9376 | E5: 8045 | F5: 3893 | G5: 2910 | H5: 1887 | I5: 252 | J5: =SUM(D5:I5) -> 26363 | K5: =IFERROR(D5/J5,0) -> 0.35564996 | L5: =IFERROR(E5/J5,0) -> 0.30516254 | M5: =IFERROR(F5/J5,0) -> 0.14766908 | N5: =IFERROR(G5/J5,0) -> 0.11038197 | O5: =IFERROR(H5/J5,0) -> 0.07157759 | P5: =IFERROR(I5/J5,0) -> 0.0095588514 | Q5: =D5*INDEX(Régions!$T$2:$T$6,MATCH($B5,Régions!$A$2:$A$6,0)) -> 7028.4858 | R5: =E5*INDEX(Régions!$U$2:$U$6,MATCH($B5,Régions!$A$2:$A$6,0)) -> 8030.828 | S5: =F5*INDEX(Régions!$V$2:$V$6,MATCH($B5,Régions!$A$2:$A$6,0)) -> 2987.8555 | T5: =G5*INDEX(Régions!$W$2:$W$6,MATCH($B5,Régions!$A$2:$A$6,0)) -> 6545.4545 | U5: =H5*INDEX(Régions!$X$2:$X$6,MATCH($B5,Régions!$A$2:$A$6,0)) -> 1514.1424 | V5: =I5*INDEX(Régions!$Y$2:$Y$6,MATCH($B5,Régions!$A$2:$A$6,0)) -> 161.02236 | W5: =Q5+(AU5/100)*J5*Régions!$O$2 -> 7627.3213 | X5: =R5+(AV5/100)*J5*Régions!$O$2 -> 8020.5464 | Y5: =S5+(AW5/100)*J5*Régions!$O$2 -> 2958.0653 | Z5: =T5+(AX5/100)*J5*Régions!$O$2 -> 6227.6486 | AA5: =U5 -> 1514.1424 | AB5: =V5 -> 161.02236 | AC5: =D5*INDEX(Régions!$Z$2:$Z$6,MATCH($B5,Régions!$A$2:$A$6,0)) -> 8574.7526 | AD5: =E5*INDEX(Régions!$AA$2:$AA$6,MATCH($B5,Régions!$A$2:$A$6,0)) -> 8810.2907 | AE5: =F5*INDEX(Régions!$AB$2:$AB$6,MATCH($B5,Régions!$A$2:$A$6,0)) -> 3567.851 | AF5: =G5*INDEX(Régions!$AC$2:$AC$6,MATCH($B5,Régions!$A$2:$A$6,0)) -> 7445.4545 | AG5: =H5*INDEX(Régions!$AD$2:$AD$6,MATCH($B5,Régions!$A$2:$A$6,0)) -> 2138.7262 | AH5: =I5*INDEX(Régions!$AE$2:$AE$6,MATCH($B5,Régions!$A$2:$A$6,0)) -> 426.70927 | AI5: =D5*INDEX(Régions!$AF$2:$AF$6,MATCH($B5,Régions!$A$2:$A$6,0)) -> 5482.2189 | AJ5: =E5*INDEX(Régions!$AG$2:$AG$6,MATCH($B5,Régions!$A$2:$A$6,0)) -> 7251.3652 | AK5: =F5*INDEX(Régions!$AH$2:$AH$6,MATCH($B5,Régions!$A$2:$A$6,0)) -> 2407.86 | AL5: =G5*INDEX(Régions!$AI$2:$AI$6,MATCH($B5,Régions!$A$2:$A$6,0)) -> 5645.4545 | AM5: =H5*INDEX(Régions!$AJ$2:$AJ$6,MATCH($B5,Régions!$A$2:$A$6,0)) -> 889.55868 | AN5: =I5*INDEX(Régions!$AK$2:$AK$6,MATCH($B5,Régions!$A$2:$A$6,0)) -> 0 | AO5: =INDEX({"CAQ","PLQ","QS","PQ","PCQ","Autre"},MATCH(MAX(Q5:V5),Q5:V5,0)) -> PLQ | AP5: =INDEX({"CAQ","PLQ","QS","PQ","PCQ","Autre"},MATCH(MAX(W5:AB5),W5:AB5,0)) -> PLQ | AQ5: =INDEX({"CAQ","PLQ","QS","PQ","PCQ","Autre"},MATCH(MAX(AC5:AH5),AC5:AH5,0)) -> PLQ | AR5: =INDEX({"CAQ","PLQ","QS","PQ","PCQ","Autre"},MATCH(MAX(AI5:AN5),AI5:AN5,0)) -> PLQ | AS5: =(MAX(K5:P5)-LARGE(K5:P5,2))*100 -> 5.0487426 | AT5: =IF(AS5<5,"Oui","Non") -> Non | AU5: 4.543 | AV5: -0.078 | AW5: -0.226 | AX5: -2.411
A6: Argenteuil | B6: Reste du Québec | C6: CAQ | D6: 14725 | E6: 3325 | F6: 3523 | G6: 5291 | H6: 5243 | I6: 542 | J6: =SUM(D6:I6) -> 32649 | K6: =IFERROR(D6/J6,0) -> 0.45100922 | L6: =IFERROR(E6/J6,0) -> 0.10184079 | M6: =IFERROR(F6/J6,0) -> 0.1079053 | N6: =IFERROR(G6/J6,0) -> 0.16205703 | O6: =IFERROR(H6/J6,0) -> 0.16058685 | P6: =IFERROR(I6/J6,0) -> 0.016600815 | Q6: =D6*INDEX(Régions!$T$2:$T$6,MATCH($B6,Régions!$A$2:$A$6,0)) -> 8698.3122 | R6: =E6*INDEX(Régions!$U$2:$U$6,MATCH($B6,Régions!$A$2:$A$6,0)) -> 7610.8727 | S6: =F6*INDEX(Régions!$V$2:$V$6,MATCH($B6,Régions!$A$2:$A$6,0)) -> 2111.161 | T6: =G6*INDEX(Régions!$W$2:$W$6,MATCH($B6,Régions!$A$2:$A$6,0)) -> 9248.8849 | U6: =H6*INDEX(Régions!$X$2:$X$6,MATCH($B6,Régions!$A$2:$A$6,0)) -> 5957.9545 | V6: =I6*INDEX(Régions!$Y$2:$Y$6,MATCH($B6,Régions!$A$2:$A$6,0)) -> 763.38028 | W6: =Q6+(AU6/100)*J6*Régions!$O$2 -> 8700.1079 | X6: =R6+(AV6/100)*J6*Régions!$O$2 -> 8517.3722 | Y6: =S6+(AW6/100)*J6*Régions!$O$2 -> 2055.821 | Z6: =T6+(AX6/100)*J6*Régions!$O$2 -> 9130.6955 | AA6: =U6 -> 5957.9545 | AB6: =V6 -> 763.38028 | AC6: =D6*INDEX(Régions!$Z$2:$Z$6,MATCH($B6,Régions!$A$2:$A$6,0)) -> 9723.4705 | AD6: =E6*INDEX(Régions!$AA$2:$AA$6,MATCH($B6,Régions!$A$2:$A$6,0)) -> 9180.6152 | AE6: =F6*INDEX(Régions!$AB$2:$AB$6,MATCH($B6,Régions!$A$2:$A$6,0)) -> 2982.015 | AF6: =G6*INDEX(Régions!$AC$2:$AC$6,MATCH($B6,Régions!$A$2:$A$6,0)) -> 10301.344 | AG6: =H6*INDEX(Régions!$AD$2:$AD$6,MATCH($B6,Régions!$A$2:$A$6,0)) -> 7114.4987 | AH6: =I6*INDEX(Régions!$AE$2:$AE$6,MATCH($B6,Régions!$A$2:$A$6,0)) -> 3282.5352 | AI6: =D6*INDEX(Régions!$AF$2:$AF$6,MATCH($B6,Régions!$A$2:$A$6,0)) -> 7673.154 | AJ6: =E6*INDEX(Régions!$AG$2:$AG$6,MATCH($B6,Régions!$A$2:$A$6,0)) -> 6041.1302 | AK6: =F6*INDEX(Régions!$AH$2:$AH$6,MATCH($B6,Régions!$A$2:$A$6,0)) -> 1240.3071 | AL6: =G6*INDEX(Régions!$AI$2:$AI$6,MATCH($B6,Régions!$A$2:$A$6,0)) -> 8196.4256 | AM6: =H6*INDEX(Régions!$AJ$2:$AJ$6,MATCH($B6,Régions!$A$2:$A$6,0)) -> 4801.4104 | AN6: =I6*INDEX(Régions!$AK$2:$AK$6,MATCH($B6,Régions!$A$2:$A$6,0)) -> 0 | AO6: =INDEX({"CAQ","PLQ","QS","PQ","PCQ","Autre"},MATCH(MAX(Q6:V6),Q6:V6,0)) -> PQ | AP6: =INDEX({"CAQ","PLQ","QS","PQ","PCQ","Autre"},MATCH(MAX(W6:AB6),W6:AB6,0)) -> PQ | AQ6: =INDEX({"CAQ","PLQ","QS","PQ","PCQ","Autre"},MATCH(MAX(AC6:AH6),AC6:AH6,0)) -> PQ | AR6: =INDEX({"CAQ","PLQ","QS","PQ","PCQ","Autre"},MATCH(MAX(AI6:AN6),AI6:AN6,0)) -> PQ | AS6: =(MAX(K6:P6)-LARGE(K6:P6,2))*100 -> 28.895219 | AT6: =IF(AS6<5,"Oui","Non") -> Non | AU6: 0.011 | AV6: 5.553 | AW6: -0.339 | AX6: -0.724
A7: Arthabaska | B7: Reste du Québec | C7: CAQ | D7: 23447 | E7: 1702 | F7: 4179 | G7: 4538 | H7: 11187 | I7: 256 | J7: =SUM(D7:I7) -> 45309 | K7: =IFERROR(D7/J7,0) -> 0.51749101 | L7: =IFERROR(E7/J7,0) -> 0.037564281 | M7: =IFERROR(F7/J7,0) -> 0.092233331 | N7: =IFERROR(G7/J7,0) -> 0.1001567 | O7: =IFERROR(H7/J7,0) -> 0.24690459 | P7: =IFERROR(I7/J7,0) -> 0.0056500916 | Q7: =D7*INDEX(Régions!$T$2:$T$6,MATCH($B7,Régions!$A$2:$A$6,0)) -> 13850.549 | R7: =E7*INDEX(Régions!$U$2:$U$6,MATCH($B7,Régions!$A$2:$A$6,0)) -> 3895.8512 | S7: =F7*INDEX(Régions!$V$2:$V$6,MATCH($B7,Régions!$A$2:$A$6,0)) -> 2504.2697 | T7: =G7*INDEX(Régions!$W$2:$W$6,MATCH($B7,Régions!$A$2:$A$6,0)) -> 7932.61 | U7: =H7*INDEX(Régions!$X$2:$X$6,MATCH($B7,Régions!$A$2:$A$6,0)) -> 12712.5 | V7: =I7*INDEX(Régions!$Y$2:$Y$6,MATCH($B7,Régions!$A$2:$A$6,0)) -> 360.56338 | W7: =Q7+(AU7/100)*J7*Régions!$O$2 -> 10157.638 | X7: =R7+(AV7/100)*J7*Régions!$O$2 -> 5070.2605 | Y7: =S7+(AW7/100)*J7*Régions!$O$2 -> 1980.9507 | Z7: =T7+(AX7/100)*J7*Régions!$O$2 -> 9026.3693 | AA7: =U7 -> 12712.5 | AB7: =V7 -> 360.56338 | AC7: =D7*INDEX(Régions!$Z$2:$Z$6,MATCH($B7,Régions!$A$2:$A$6,0)) -> 15482.935 | AD7: =E7*INDEX(Régions!$AA$2:$AA$6,MATCH($B7,Régions!$A$2:$A$6,0)) -> 4699.3705 | AE7: =F7*INDEX(Régions!$AB$2:$AB$6,MATCH($B7,Régions!$A$2:$A$6,0)) -> 3537.2809 | AF7: =G7*INDEX(Régions!$AC$2:$AC$6,MATCH($B7,Régions!$A$2:$A$6,0)) -> 8835.2863 | AG7: =H7*INDEX(Régions!$AD$2:$AD$6,MATCH($B7,Régions!$A$2:$A$6,0)) -> 15180.221 | AH7: =I7*INDEX(Régions!$AE$2:$AE$6,MATCH($B7,Régions!$A$2:$A$6,0)) -> 1550.4225 | AI7: =D7*INDEX(Régions!$AF$2:$AF$6,MATCH($B7,Régions!$A$2:$A$6,0)) -> 12218.162 | AJ7: =E7*INDEX(Régions!$AG$2:$AG$6,MATCH($B7,Régions!$A$2:$A$6,0)) -> 3092.3319 | AK7: =F7*INDEX(Régions!$AH$2:$AH$6,MATCH($B7,Régions!$A$2:$A$6,0)) -> 1471.2584 | AL7: =G7*INDEX(Régions!$AI$2:$AI$6,MATCH($B7,Régions!$A$2:$A$6,0)) -> 7029.9337 | AM7: =H7*INDEX(Régions!$AJ$2:$AJ$6,MATCH($B7,Régions!$A$2:$A$6,0)) -> 10244.779 | AN7: =I7*INDEX(Régions!$AK$2:$AK$6,MATCH($B7,Régions!$A$2:$A$6,0)) -> 0 | AO7: =INDEX({"CAQ","PLQ","QS","PQ","PCQ","Autre"},MATCH(MAX(Q7:V7),Q7:V7,0)) -> CAQ | AP7: =INDEX({"CAQ","PLQ","QS","PQ","PCQ","Autre"},MATCH(MAX(W7:AB7),W7:AB7,0)) -> PCQ | AQ7: =INDEX({"CAQ","PLQ","QS","PQ","PCQ","Autre"},MATCH(MAX(AC7:AH7),AC7:AH7,0)) -> CAQ | AR7: =INDEX({"CAQ","PLQ","QS","PQ","PCQ","Autre"},MATCH(MAX(AI7:AN7),AI7:AN7,0)) -> CAQ | AS7: =(MAX(K7:P7)-LARGE(K7:P7,2))*100 -> 27.058642 | AT7: =IF(AS7<5,"Oui","Non") -> Non | AU7: -16.301 | AV7: 5.184 | AW7: -2.31 | AX7: 4.828
A8: Beauce-Nord | B8: Reste du Québec | C8: CAQ | D8: 14590 | E8: 951 | F8: 1522 | G8: 1994 | H8: 14388 | I8: 146 | J8: =SUM(D8:I8) -> 33591 | K8: =IFERROR(D8/J8,0) -> 0.43434253 | L8: =IFERROR(E8/J8,0) -> 0.028311155 | M8: =IFERROR(F8/J8,0) -> 0.045309756 | N8: =IFERROR(G8/J8,0) -> 0.059361138 | O8: =IFERROR(H8/J8,0) -> 0.42832902 | P8: =IFERROR(I8/J8,0) -> 0.0043464023 | Q8: =D8*INDEX(Régions!$T$2:$T$6,MATCH($B8,Régions!$A$2:$A$6,0)) -> 8618.5654 | R8: =E8*INDEX(Régions!$U$2:$U$6,MATCH($B8,Régions!$A$2:$A$6,0)) -> 2176.824 | S8: =F8*INDEX(Régions!$V$2:$V$6,MATCH($B8,Régions!$A$2:$A$6,0)) -> 912.05993 | T8: =G8*INDEX(Régions!$W$2:$W$6,MATCH($B8,Régions!$A$2:$A$6,0)) -> 3485.5937 | U8: =H8*INDEX(Régions!$X$2:$X$6,MATCH($B8,Régions!$A$2:$A$6,0)) -> 16350 | V8: =I8*INDEX(Régions!$Y$2:$Y$6,MATCH($B8,Régions!$A$2:$A$6,0)) -> 205.6338 | W8: =Q8+(AU8/100)*J8*Régions!$O$2 -> 3722.6772 | X8: =R8+(AV8/100)*J8*Régions!$O$2 -> 2168.0904 | Y8: =S8+(AW8/100)*J8*Régions!$O$2 -> 662.81471 | Z8: =T8+(AX8/100)*J8*Régions!$O$2 -> 4329.9035 | AA8: =U8 -> 16350 | AB8: =V8 -> 205.6338 | AC8: =D8*INDEX(Régions!$Z$2:$Z$6,MATCH($B8,Régions!$A$2:$A$6,0)) -> 9634.3249 | AD8: =E8*INDEX(Régions!$AA$2:$AA$6,MATCH($B8,Régions!$A$2:$A$6,0)) -> 2625.794 | AE8: =F8*INDEX(Régions!$AB$2:$AB$6,MATCH($B8,Régions!$A$2:$A$6,0)) -> 1288.2846 | AF8: =G8*INDEX(Régions!$AC$2:$AC$6,MATCH($B8,Régions!$A$2:$A$6,0)) -> 3882.2303 | AG8: =H8*INDEX(Régions!$AD$2:$AD$6,MATCH($B8,Régions!$A$2:$A$6,0)) -> 19523.824 | AH8: =I8*INDEX(Régions!$AE$2:$AE$6,MATCH($B8,Régions!$A$2:$A$6,0)) -> 884.22535 | AI8: =D8*INDEX(Régions!$AF$2:$AF$6,MATCH($B8,Régions!$A$2:$A$6,0)) -> 7602.8059 | AJ8: =E8*INDEX(Régions!$AG$2:$AG$6,MATCH($B8,Régions!$A$2:$A$6,0)) -> 1727.8541 | AK8: =F8*INDEX(Régions!$AH$2:$AH$6,MATCH($B8,Régions!$A$2:$A$6,0)) -> 535.83521 | AL8: =G8*INDEX(Régions!$AI$2:$AI$6,MATCH($B8,Régions!$A$2:$A$6,0)) -> 3088.9572 | AM8: =H8*INDEX(Régions!$AJ$2:$AJ$6,MATCH($B8,Régions!$A$2:$A$6,0)) -> 13176.176 | AN8: =I8*INDEX(Régions!$AK$2:$AK$6,MATCH($B8,Régions!$A$2:$A$6,0)) -> 0 | AO8: =INDEX({"CAQ","PLQ","QS","PQ","PCQ","Autre"},MATCH(MAX(Q8:V8),Q8:V8,0)) -> PCQ | AP8: =INDEX({"CAQ","PLQ","QS","PQ","PCQ","Autre"},MATCH(MAX(W8:AB8),W8:AB8,0)) -> PCQ | AQ8: =INDEX({"CAQ","PLQ","QS","PQ","PCQ","Autre"},MATCH(MAX(AC8:AH8),AC8:AH8,0)) -> PCQ | AR8: =INDEX({"CAQ","PLQ","QS","PQ","PCQ","Autre"},MATCH(MAX(AI8:AN8),AI8:AN8,0)) -> PCQ | AS8: =(MAX(K8:P8)-LARGE(K8:P8,2))*100 -> 0.60135155 | AT8: =IF(AS8<5,"Oui","Non") -> Oui | AU8: -29.15 | AV8: -0.052 | AW8: -1.484 | AX8: 5.027
A9: Beauce-Sud | B9: Reste du Québec | C9: CAQ | D9: 16615 | E9: 1057 | F9: 1623 | G9: 1505 | H9: 16187 | I9: 306 | J9: =SUM(D9:I9) -> 37293 | K9: =IFERROR(D9/J9,0) -> 0.44552597 | L9: =IFERROR(E9/J9,0) -> 0.028343121 | M9: =IFERROR(F9/J9,0) -> 0.043520232 | N9: =IFERROR(G9/J9,0) -> 0.040356099 | O9: =IFERROR(H9/J9,0) -> 0.43404929 | P9: =IFERROR(I9/J9,0) -> 0.0082052932 | Q9: =D9*INDEX(Régions!$T$2:$T$6,MATCH($B9,Régions!$A$2:$A$6,0)) -> 9814.7679 | R9: =E9*INDEX(Régions!$U$2:$U$6,MATCH($B9,Régions!$A$2:$A$6,0)) -> 2419.4564 | S9: =F9*INDEX(Régions!$V$2:$V$6,MATCH($B9,Régions!$A$2:$A$6,0)) -> 972.58427 | T9: =G9*INDEX(Régions!$W$2:$W$6,MATCH($B9,Régions!$A$2:$A$6,0)) -> 2630.8017 | U9: =H9*INDEX(Régions!$X$2:$X$6,MATCH($B9,Régions!$A$2:$A$6,0)) -> 18394.318 | V9: =I9*INDEX(Régions!$Y$2:$Y$6,MATCH($B9,Régions!$A$2:$A$6,0)) -> 430.98592 | W9: =Q9+(AU9/100)*J9*Régions!$O$2 -> 5276.0234 | X9: =R9+(AV9/100)*J9*Régions!$O$2 -> 1446.482 | Y9: =S9+(AW9/100)*J9*Régions!$O$2 -> 898.93059 | Z9: =T9+(AX9/100)*J9*Régions!$O$2 -> 3401.4615 | AA9: =U9 -> 18394.318 | AB9: =V9 -> 430.98592 | AC9: =D9*INDEX(Régions!$Z$2:$Z$6,MATCH($B9,Régions!$A$2:$A$6,0)) -> 10971.508 | AD9: =E9*INDEX(Régions!$AA$2:$AA$6,MATCH($B9,Régions!$A$2:$A$6,0)) -> 2918.4692 | AE9: =F9*INDEX(Régions!$AB$2:$AB$6,MATCH($B9,Régions!$A$2:$A$6,0)) -> 1373.7753 | AF9: =G9*INDEX(Régions!$AC$2:$AC$6,MATCH($B9,Régions!$A$2:$A$6,0)) -> 2930.1688 | AG9: =H9*INDEX(Régions!$AD$2:$AD$6,MATCH($B9,Régions!$A$2:$A$6,0)) -> 21964.98 | AH9: =I9*INDEX(Régions!$AE$2:$AE$6,MATCH($B9,Régions!$A$2:$A$6,0)) -> 1853.2394 | AI9: =D9*INDEX(Régions!$AF$2:$AF$6,MATCH($B9,Régions!$A$2:$A$6,0)) -> 8658.0274 | AJ9: =E9*INDEX(Régions!$AG$2:$AG$6,MATCH($B9,Régions!$A$2:$A$6,0)) -> 1920.4435 | AK9: =F9*INDEX(Régions!$AH$2:$AH$6,MATCH($B9,Régions!$A$2:$A$6,0)) -> 571.39326 | AL9: =G9*INDEX(Régions!$AI$2:$AI$6,MATCH($B9,Régions!$A$2:$A$6,0)) -> 2331.4346 | AM9: =H9*INDEX(Régions!$AJ$2:$AJ$6,MATCH($B9,Régions!$A$2:$A$6,0)) -> 14823.656 | AN9: =I9*INDEX(Régions!$AK$2:$AK$6,MATCH($B9,Régions!$A$2:$A$6,0)) -> 0 | AO9: =INDEX({"CAQ","PLQ","QS","PQ","PCQ","Autre"},MATCH(MAX(Q9:V9),Q9:V9,0)) -> PCQ | AP9: =INDEX({"CAQ","PLQ","QS","PQ","PCQ","Autre"},MATCH(MAX(W9:AB9),W9:AB9,0)) -> PCQ | AQ9: =INDEX({"CAQ","PLQ","QS","PQ","PCQ","Autre"},MATCH(MAX(AC9:AH9),AC9:AH9,0)) -> PCQ | AR9: =INDEX({"CAQ","PLQ","QS","PQ","PCQ","Autre"},MATCH(MAX(AI9:AN9),AI9:AN9,0)) -> PCQ | AS9: =(MAX(K9:P9)-LARGE(K9:P9,2))*100 -> 1.1476685 | AT9: =IF(AS9<5,"Oui","Non") -> Oui | AU9: -24.341 | AV9: -5.218 | AW9: -0.395 | AX9: 4.133
A10: Beauharnois | B10: Banlieue de Montréal | C10: CAQ | D10: 17882 | E10: 1940 | F10: 4299 | G10: 5640 | H10: 3112 | I10: 379 | J10: =SUM(D10:I10) -> 33252 | K10: =IFERROR(D10/J10,0) -> 0.53777216 | L10: =IFERROR(E10/J10,0) -> 0.058342355 | M10: =IFERROR(F10/J10,0) -> 0.12928546 | N10: =IFERROR(G10/J10,0) -> 0.16961386 | O10: =IFERROR(H10/J10,0) -> 0.093588356 | P10: =IFERROR(I10/J10,0) -> 0.011397811 | Q10: =D10*INDEX(Régions!$T$2:$T$6,MATCH($B10,Régions!$A$2:$A$6,0)) -> 12640.247 | R10: =E10*INDEX(Régions!$U$2:$U$6,MATCH($B10,Régions!$A$2:$A$6,0)) -> 2478.3534 | S10: =F10*INDEX(Régions!$V$2:$V$6,MATCH($B10,Régions!$A$2:$A$6,0)) -> 2168.0836 | T10: =G10*INDEX(Régions!$W$2:$W$6,MATCH($B10,Régions!$A$2:$A$6,0)) -> 11102.362 | U10: =H10*INDEX(Régions!$X$2:$X$6,MATCH($B10,Régions!$A$2:$A$6,0)) -> 3632.6848 | V10: =I10*INDEX(Régions!$Y$2:$Y$6,MATCH($B10,Régions!$A$2:$A$6,0)) -> 305.64516 | W10: =Q10+(AU10/100)*J10*Régions!$O$2 -> 13288.661 | X10: =R10+(AV10/100)*J10*Régions!$O$2 -> 2480.016 | Y10: =S10+(AW10/100)*J10*Régions!$O$2 -> 1932.3269 | Z10: =T10+(AX10/100)*J10*Régions!$O$2 -> 10790.126 | AA10: =U10 -> 3632.6848 | AB10: =V10 -> 305.64516 | AC10: =D10*INDEX(Régions!$Z$2:$Z$6,MATCH($B10,Régions!$A$2:$A$6,0)) -> 13943.773 | AD10: =E10*INDEX(Régions!$AA$2:$AA$6,MATCH($B10,Régions!$A$2:$A$6,0)) -> 2932.7182 | AE10: =F10*INDEX(Régions!$AB$2:$AB$6,MATCH($B10,Régions!$A$2:$A$6,0)) -> 3190.1801 | AF10: =G10*INDEX(Régions!$AC$2:$AC$6,MATCH($B10,Régions!$A$2:$A$6,0)) -> 12323.622 | AG10: =H10*INDEX(Régions!$AD$2:$AD$6,MATCH($B10,Régions!$A$2:$A$6,0)) -> 4631.6732 | AH10: =I10*INDEX(Régions!$AE$2:$AE$6,MATCH($B10,Régions!$A$2:$A$6,0)) -> 1314.2742 | AI10: =D10*INDEX(Régions!$AF$2:$AF$6,MATCH($B10,Régions!$A$2:$A$6,0)) -> 11336.722 | AJ10: =E10*INDEX(Régions!$AG$2:$AG$6,MATCH($B10,Régions!$A$2:$A$6,0)) -> 2023.9886 | AK10: =F10*INDEX(Régions!$AH$2:$AH$6,MATCH($B10,Régions!$A$2:$A$6,0)) -> 1145.987 | AL10: =G10*INDEX(Régions!$AI$2:$AI$6,MATCH($B10,Régions!$A$2:$A$6,0)) -> 9881.1024 | AM10: =H10*INDEX(Régions!$AJ$2:$AJ$6,MATCH($B10,Régions!$A$2:$A$6,0)) -> 2633.6965 | AN10: =I10*INDEX(Régions!$AK$2:$AK$6,MATCH($B10,Régions!$A$2:$A$6,0)) -> 0 | AO10: =INDEX({"CAQ","PLQ","QS","PQ","PCQ","Autre"},MATCH(MAX(Q10:V10),Q10:V10,0)) -> CAQ | AP10: =INDEX({"CAQ","PLQ","QS","PQ","PCQ","Autre"},MATCH(MAX(W10:AB10),W10:AB10,0)) -> CAQ | AQ10: =INDEX({"CAQ","PLQ","QS","PQ","PCQ","Autre"},MATCH(MAX(AC10:AH10),AC10:AH10,0)) -> CAQ | AR10: =INDEX({"CAQ","PLQ","QS","PQ","PCQ","Autre"},MATCH(MAX(AI10:AN10),AI10:AN10,0)) -> CAQ | AS10: =(MAX(K10:P10)-LARGE(K10:P10,2))*100 -> 36.815831 | AT10: =IF(AS10<5,"Oui","Non") -> Non | AU10: 3.9 | AV10: 0.01 | AW10: -1.418 | AX10: -1.878
A11: Bellechasse | B11: Reste du Québec | C11: CAQ | D11: 15065 | E11: 1360 | F11: 1988 | G11: 2908 | H11: 11612 | I11: 0 | J11: =SUM(D11:I11) -> 32933 | K11: =IFERROR(D11/J11,0) -> 0.4574439 | L11: =IFERROR(E11/J11,0) -> 0.041295965 | M11: =IFERROR(F11/J11,0) -> 0.060364983 | N11: =IFERROR(G11/J11,0) -> 0.088300489 | O11: =IFERROR(H11/J11,0) -> 0.35259466 | P11: =IFERROR(I11/J11,0) -> 0 | Q11: =D11*INDEX(Régions!$T$2:$T$6,MATCH($B11,Régions!$A$2:$A$6,0)) -> 8899.1561 | R11: =E11*INDEX(Régions!$U$2:$U$6,MATCH($B11,Régions!$A$2:$A$6,0)) -> 3113.0186 | S11: =F11*INDEX(Régions!$V$2:$V$6,MATCH($B11,Régions!$A$2:$A$6,0)) -> 1191.3109 | T11: =G11*INDEX(Régions!$W$2:$W$6,MATCH($B11,Régions!$A$2:$A$6,0)) -> 5083.3032 | U11: =H11*INDEX(Régions!$X$2:$X$6,MATCH($B11,Régions!$A$2:$A$6,0)) -> 13195.455 | V11: =I11*INDEX(Régions!$Y$2:$Y$6,MATCH($B11,Régions!$A$2:$A$6,0)) -> 0 | W11: =Q11+(AU11/100)*J11*Régions!$O$2 -> 6541.4826 | X11: =R11+(AV11/100)*J11*Régions!$O$2 -> 1424.7084 | Y11: =S11+(AW11/100)*J11*Régions!$O$2 -> 1121.3282 | Z11: =T11+(AX11/100)*J11*Régions!$O$2 -> 6035.2316 | AA11: =U11 -> 13195.455 | AB11: =V11 -> 0 | AC11: =D11*INDEX(Régions!$Z$2:$Z$6,MATCH($B11,Régions!$A$2:$A$6,0)) -> 9947.9852 | AD11: =E11*INDEX(Régions!$AA$2:$AA$6,MATCH($B11,Régions!$A$2:$A$6,0)) -> 3755.0787 | AE11: =F11*INDEX(Régions!$AB$2:$AB$6,MATCH($B11,Régions!$A$2:$A$6,0)) -> 1682.7266 | AF11: =G11*INDEX(Régions!$AC$2:$AC$6,MATCH($B11,Régions!$A$2:$A$6,0)) -> 5661.748 | AG11: =H11*INDEX(Régions!$AD$2:$AD$6,MATCH($B11,Régions!$A$2:$A$6,0)) -> 15756.925 | AH11: =I11*INDEX(Régions!$AE$2:$AE$6,MATCH($B11,Régions!$A$2:$A$6,0)) -> 0 | AI11: =D11*INDEX(Régions!$AF$2:$AF$6,MATCH($B11,Régions!$A$2:$A$6,0)) -> 7850.327 | AJ11: =E11*INDEX(Régions!$AG$2:$AG$6,MATCH($B11,Régions!$A$2:$A$6,0)) -> 2470.9585 | AK11: =F11*INDEX(Régions!$AH$2:$AH$6,MATCH($B11,Régions!$A$2:$A$6,0)) -> 699.89513 | AL11: =G11*INDEX(Régions!$AI$2:$AI$6,MATCH($B11,Régions!$A$2:$A$6,0)) -> 4504.8583 | AM11: =H11*INDEX(Régions!$AJ$2:$AJ$6,MATCH($B11,Régions!$A$2:$A$6,0)) -> 10633.984 | AN11: =I11*INDEX(Régions!$AK$2:$AK$6,MATCH($B11,Régions!$A$2:$A$6,0)) -> 0 | AO11: =INDEX({"CAQ","PLQ","QS","PQ","PCQ","Autre"},MATCH(MAX(Q11:V11),Q11:V11,0)) -> PCQ | AP11: =INDEX({"CAQ","PLQ","QS","PQ","PCQ","Autre"},MATCH(MAX(W11:AB11),W11:AB11,0)) -> PCQ | AQ11: =INDEX({"CAQ","PLQ","QS","PQ","PCQ","Autre"},MATCH(MAX(AC11:AH11),AC11:AH11,0)) -> PCQ | AR11: =INDEX({"CAQ","PLQ","QS","PQ","PCQ","Autre"},MATCH(MAX(AI11:AN11),AI11:AN11,0)) -> PCQ | AS11: =(MAX(K11:P11)-LARGE(K11:P11,2))*100 -> 10.484924 | AT11: =IF(AS11<5,"Oui","Non") -> Non | AU11: -14.318 | AV11: -10.253 | AW11: -0.425 | AX11: 5.781
A12: Berthier | B12: Reste du Québec | C12: CAQ | D12: 21256 | E12: 1064 | F12: 5877 | G12: 8682 | H12: 4585 | I12: 242 | J12: =SUM(D12:I12) -> 41706 | K12: =IFERROR(D12/J12,0) -> 0.50966288 | L12: =IFERROR(E12/J12,0) -> 0.025511917 | M12: =IFERROR(F12/J12,0) -> 0.14091498 | N12: =IFERROR(G12/J12,0) -> 0.20817149 | O12: =IFERROR(H12/J12,0) -> 0.10993622 | P12: =IFERROR(I12/J12,0) -> 0.0058025224 | Q12: =D12*INDEX(Régions!$T$2:$T$6,MATCH($B12,Régions!$A$2:$A$6,0)) -> 12556.287 | R12: =E12*INDEX(Régions!$U$2:$U$6,MATCH($B12,Régions!$A$2:$A$6,0)) -> 2435.4793 | S12: =F12*INDEX(Régions!$V$2:$V$6,MATCH($B12,Régions!$A$2:$A$6,0)) -> 3521.7978 | T12: =G12*INDEX(Régions!$W$2:$W$6,MATCH($B12,Régions!$A$2:$A$6,0)) -> 15176.492 | U12: =H12*INDEX(Régions!$X$2:$X$6,MATCH($B12,Régions!$A$2:$A$6,0)) -> 5210.2273 | V12: =I12*INDEX(Régions!$Y$2:$Y$6,MATCH($B12,Régions!$A$2:$A$6,0)) -> 340.84507 | W12: =Q12+(AU12/100)*J12*Régions!$O$2 -> 12477.254 | X12: =R12+(AV12/100)*J12*Régions!$O$2 -> 4040.7432 | Y12: =S12+(AW12/100)*J12*Régions!$O$2 -> 3461.1155 | Z12: =T12+(AX12/100)*J12*Régions!$O$2 -> 14363.85 | AA12: =U12 -> 5210.2273 | AB12: =V12 -> 340.84507 | AC12: =D12*INDEX(Régions!$Z$2:$Z$6,MATCH($B12,Régions!$A$2:$A$6,0)) -> 14036.135 | AD12: =E12*INDEX(Régions!$AA$2:$AA$6,MATCH($B12,Régions!$A$2:$A$6,0)) -> 2937.7969 | AE12: =F12*INDEX(Régions!$AB$2:$AB$6,MATCH($B12,Régions!$A$2:$A$6,0)) -> 4974.5393 | AF12: =G12*INDEX(Régions!$AC$2:$AC$6,MATCH($B12,Régions!$A$2:$A$6,0)) -> 16903.472 | AG12: =H12*INDEX(Régions!$AD$2:$AD$6,MATCH($B12,Régions!$A$2:$A$6,0)) -> 6221.6243 | AH12: =I12*INDEX(Régions!$AE$2:$AE$6,MATCH($B12,Régions!$A$2:$A$6,0)) -> 1465.6338 | AI12: =D12*INDEX(Régions!$AF$2:$AF$6,MATCH($B12,Régions!$A$2:$A$6,0)) -> 11076.439 | AJ12: =E12*INDEX(Régions!$AG$2:$AG$6,MATCH($B12,Régions!$A$2:$A$6,0)) -> 1933.1617 | AK12: =F12*INDEX(Régions!$AH$2:$AH$6,MATCH($B12,Régions!$A$2:$A$6,0)) -> 2069.0562 | AL12: =G12*INDEX(Régions!$AI$2:$AI$6,MATCH($B12,Régions!$A$2:$A$6,0)) -> 13449.512 | AM12: =H12*INDEX(Régions!$AJ$2:$AJ$6,MATCH($B12,Régions!$A$2:$A$6,0)) -> 4198.8302 | AN12: =I12*INDEX(Régions!$AK$2:$AK$6,MATCH($B12,Régions!$A$2:$A$6,0)) -> 0 | AO12: =INDEX({"CAQ","PLQ","QS","PQ","PCQ","Autre"},MATCH(MAX(Q12:V12),Q12:V12,0)) -> PQ | AP12: =INDEX({"CAQ","PLQ","QS","PQ","PCQ","Autre"},MATCH(MAX(W12:AB12),W12:AB12,0)) -> PQ | AQ12: =INDEX({"CAQ","PLQ","QS","PQ","PCQ","Autre"},MATCH(MAX(AC12:AH12),AC12:AH12,0)) -> PQ | AR12: =INDEX({"CAQ","PLQ","QS","PQ","PCQ","Autre"},MATCH(MAX(AI12:AN12),AI12:AN12,0)) -> PQ | AS12: =(MAX(K12:P12)-LARGE(K12:P12,2))*100 -> 30.149139 | AT12: =IF(AS12<5,"Oui","Non") -> Non | AU12: -0.379 | AV12: 7.698 | AW12: -0.291 | AX12: -3.897
A13: Bertrand | B13: Banlieue de Montréal | C13: CAQ | D13: 15927 | E13: 2115 | F13: 5682 | G13: 7259 | H13: 3444 | I13: 761 | J13: =SUM(D13:I13) -> 35188 | K13: =IFERROR(D13/J13,0) -> 0.4526259 | L13: =IFERROR(E13/J13,0) -> 0.060105718 | M13: =IFERROR(F13/J13,0) -> 0.1614755 | N13: =IFERROR(G13/J13,0) -> 0.20629192 | O13: =IFERROR(H13/J13,0) -> 0.097874275 | P13: =IFERROR(I13/J13,0) -> 0.021626691 | Q13: =D13*INDEX(Régions!$T$2:$T$6,MATCH($B13,Régions!$A$2:$A$6,0)) -> 11258.317 | R13: =E13*INDEX(Régions!$U$2:$U$6,MATCH($B13,Régions!$A$2:$A$6,0)) -> 2701.9163 | S13: =F13*INDEX(Régions!$V$2:$V$6,MATCH($B13,Régions!$A$2:$A$6,0)) -> 2865.562 | T13: =G13*INDEX(Régions!$W$2:$W$6,MATCH($B13,Régions!$A$2:$A$6,0)) -> 14289.37 | U13: =H13*INDEX(Régions!$X$2:$X$6,MATCH($B13,Régions!$A$2:$A$6,0)) -> 4020.2335 | V13: =I13*INDEX(Régions!$Y$2:$Y$6,MATCH($B13,Régions!$A$2:$A$6,0)) -> 613.70968 | W13: =Q13+(AU13/100)*J13*Régions!$O$2 -> 11354.204 | X13: =R13+(AV13/100)*J13*Régions!$O$2 -> 2615.0019 | Y13: =S13+(AW13/100)*J13*Régions!$O$2 -> 2642.646 | Z13: =T13+(AX13/100)*J13*Régions!$O$2 -> 14330.54 | AA13: =U13 -> 4020.2335 | AB13: =V13 -> 613.70968 | AC13: =D13*INDEX(Régions!$Z$2:$Z$6,MATCH($B13,Régions!$A$2:$A$6,0)) -> 12419.331 | AD13: =E13*INDEX(Régions!$AA$2:$AA$6,MATCH($B13,Régions!$A$2:$A$6,0)) -> 3197.2676 | AE13: =F13*INDEX(Régions!$AB$2:$AB$6,MATCH($B13,Régions!$A$2:$A$6,0)) -> 4216.4697 | AF13: =G13*INDEX(Régions!$AC$2:$AC$6,MATCH($B13,Régions!$A$2:$A$6,0)) -> 15861.201 | AG13: =H13*INDEX(Régions!$AD$2:$AD$6,MATCH($B13,Régions!$A$2:$A$6,0)) -> 5125.7977 | AH13: =I13*INDEX(Régions!$AE$2:$AE$6,MATCH($B13,Régions!$A$2:$A$6,0)) -> 2638.9516 | AI13: =D13*INDEX(Régions!$AF$2:$AF$6,MATCH($B13,Régions!$A$2:$A$6,0)) -> 10097.303 | AJ13: =E13*INDEX(Régions!$AG$2:$AG$6,MATCH($B13,Régions!$A$2:$A$6,0)) -> 2206.5649 | AK13: =F13*INDEX(Régions!$AH$2:$AH$6,MATCH($B13,Régions!$A$2:$A$6,0)) -> 1514.6542 | AL13: =G13*INDEX(Régions!$AI$2:$AI$6,MATCH($B13,Régions!$A$2:$A$6,0)) -> 12717.539 | AM13: =H13*INDEX(Régions!$AJ$2:$AJ$6,MATCH($B13,Régions!$A$2:$A$6,0)) -> 2914.6693 | AN13: =I13*INDEX(Régions!$AK$2:$AK$6,MATCH($B13,Régions!$A$2:$A$6,0)) -> 0 | AO13: =INDEX({"CAQ","PLQ","QS","PQ","PCQ","Autre"},MATCH(MAX(Q13:V13),Q13:V13,0)) -> PQ | AP13: =INDEX({"CAQ","PLQ","QS","PQ","PCQ","Autre"},MATCH(MAX(W13:AB13),W13:AB13,0)) -> PQ | AQ13: =INDEX({"CAQ","PLQ","QS","PQ","PCQ","Autre"},MATCH(MAX(AC13:AH13),AC13:AH13,0)) -> PQ | AR13: =INDEX({"CAQ","PLQ","QS","PQ","PCQ","Autre"},MATCH(MAX(AI13:AN13),AI13:AN13,0)) -> PQ | AS13: =(MAX(K13:P13)-LARGE(K13:P13,2))*100 -> 24.633398 | AT13: =IF(AS13<5,"Oui","Non") -> Non | AU13: 0.545 | AV13: -0.494 | AW13: -1.267 | AX13: 0.234
... A126: Westmount-Saint-Louis | B126: Île de Montréal | C126: PLQ | D126: 2112 | E126: 10576 | F126: 2687 | G126: 1267 | H126: 2959 | I126: 1351 | J126: =SUM(D126:I126) -> 20952 | K126: =IFERROR(D126/J126,0) -> 0.10080183 | L126: =IFERROR(E126/J126,0) -> 0.50477281 | M126: =IFERROR(F126/J126,0) -> 0.12824551 | N126: =IFERROR(G126/J126,0) -> 0.060471554 | O126: =IFERROR(H126/J126,0) -> 0.14122757 | P126: =IFERROR(I126/J126,0) -> 0.064480718 | Q126: =D126*INDEX(Régions!$T$2:$T$6,MATCH($B126,Régions!$A$2:$A$6,0)) -> 1583.2084 | R126: =E126*INDEX(Régions!$U$2:$U$6,MATCH($B126,Régions!$A$2:$A$6,0)) -> 10557.369 | S126: =F126*INDEX(Régions!$V$2:$V$6,MATCH($B126,Régions!$A$2:$A$6,0)) -> 2062.2573 | T126: =G126*INDEX(Régions!$W$2:$W$6,MATCH($B126,Régions!$A$2:$A$6,0)) -> 2849.8594 | U126: =H126*INDEX(Régions!$X$2:$X$6,MATCH($B126,Régions!$A$2:$A$6,0)) -> 2374.323 | V126: =I126*INDEX(Régions!$Y$2:$Y$6,MATCH($B126,Régions!$A$2:$A$6,0)) -> 863.25879 | W126: =Q126+(AU126/100)*J126*Régions!$O$2 -> 1404.2783 | X126: =R126+(AV126/100)*J126*Régions!$O$2 -> 9743.3841 | Y126: =S126+(AW126/100)*J126*Régions!$O$2 -> 2282.9867 | Z126: =T126+(AX126/100)*J126*Régions!$O$2 -> 3083.0552 | AA126: =U126 -> 2374.323 | AB126: =V126 -> 863.25879 | AC126: =D126*INDEX(Régions!$Z$2:$Z$6,MATCH($B126,Régions!$A$2:$A$6,0)) -> 1931.5142 | AD126: =E126*INDEX(Régions!$AA$2:$AA$6,MATCH($B126,Régions!$A$2:$A$6,0)) -> 11582.055 | AE126: =F126*INDEX(Régions!$AB$2:$AB$6,MATCH($B126,Régions!$A$2:$A$6,0)) -> 2462.5779 | AF126: =G126*INDEX(Régions!$AC$2:$AC$6,MATCH($B126,Régions!$A$2:$A$6,0)) -> 3241.7151 | AG126: =H126*INDEX(Régions!$AD$2:$AD$6,MATCH($B126,Régions!$A$2:$A$6,0)) -> 3353.7312 | AH126: =I126*INDEX(Régions!$AE$2:$AE$6,MATCH($B126,Régions!$A$2:$A$6,0)) -> 2287.6358 | AI126: =D126*INDEX(Régions!$AF$2:$AF$6,MATCH($B126,Régions!$A$2:$A$6,0)) -> 1234.9025 | AJ126: =E126*INDEX(Régions!$AG$2:$AG$6,MATCH($B126,Régions!$A$2:$A$6,0)) -> 9532.6835 | AK126: =F126*INDEX(Régions!$AH$2:$AH$6,MATCH($B126,Régions!$A$2:$A$6,0)) -> 1661.9368 | AL126: =G126*INDEX(Régions!$AI$2:$AI$6,MATCH($B126,Régions!$A$2:$A$6,0)) -> 2458.0037 | AM126: =H126*INDEX(Régions!$AJ$2:$AJ$6,MATCH($B126,Régions!$A$2:$A$6,0)) -> 1394.9147 | AN126: =I126*INDEX(Régions!$AK$2:$AK$6,MATCH($B126,Régions!$A$2:$A$6,0)) -> 0 | AO126: =INDEX({"CAQ","PLQ","QS","PQ","PCQ","Autre"},MATCH(MAX(Q126:V126),Q126:V126,0)) -> PLQ | AP126: =INDEX({"CAQ","PLQ","QS","PQ","PCQ","Autre"},MATCH(MAX(W126:AB126),W126:AB126,0)) -> PLQ | AQ126: =INDEX({"CAQ","PLQ","QS","PQ","PCQ","Autre"},MATCH(MAX(AC126:AH126),AC126:AH126,0)) -> PLQ | AR126: =INDEX({"CAQ","PLQ","QS","PQ","PCQ","Autre"},MATCH(MAX(AI126:AN126),AI126:AN126,0)) -> PLQ | AS126: =(MAX(K126:P126)-LARGE(K126:P126,2))*100 -> 36.354525 | AT126: =IF(AS126<5,"Oui","Non") -> Non | AU126: -1.708 | AV126: -7.77 | AW126: 2.107 | AX126: 2.226

Sheet Régions
A1: Région | B1: Réf. CAQ% | C1: Réf. PLQ% | D1: Réf. QS% | E1: Réf. PQ% | F1: Réf. PCQ% | G1: Réf. Autre% | H1: Sond. CAQ | I1: Sond. PLQ | J1: Sond. QS | K1: Sond. PQ | L1: Sond. PCQ | M1: Sond. Autre | N1: Marge (pp) | O1: Facteur inertie | T1: SwA CAQ | U1: SwA PLQ | V1: SwA QS | W1: SwA PQ | X1: SwA PCQ | Y1: SwA Autre | Z1: SwC CAQ | AA1: SwC PLQ | AB1: SwC QS | AC1: SwC PQ | AD1: SwC PCQ | AE1: SwC Autre | AF1: SwD CAQ | AG1: SwD PLQ | AH1: SwD QS | AI1: SwD PQ | AJ1: SwD PCQ | AK1: SwD Autre
A2: Montréal RMR | B2: 36.26 | C2: 21.22 | D2: 16.83 | E2: 13.61 | F2: 10.17 | G2: 1.92 | H2: 23 | I2: 26 | J2: 12 | K2: 27 | L2: 10 | M2: 2 | N2: 3.3 | O2: 0.5 | T2: =IFERROR(H2/B2,1) -> 0.63430778 | U2: =IFERROR(I2/C2,1) -> 1.2252592 | V2: =IFERROR(J2/D2,1) -> 0.71301248 | W2: =IFERROR(K2/E2,1) -> 1.9838354 | X2: =IFERROR(L2/F2,1) -> 0.98328417 | Y2: =IFERROR(M2/G2,1) -> 1.0416667 | Z2: =IFERROR((H2+$N$2)/B2,1) -> 0.72531715 | AA2: =IFERROR((I2+$N$2)/C2,1) -> 1.3807729 | AB2: =IFERROR((J2+$N$2)/D2,1) -> 0.90909091 | AC2: =IFERROR((K2+$N$2)/E2,1) -> 2.2263042 | AD2: =IFERROR((L2+$N$2)/F2,1) -> 1.3077679 | AE2: =IFERROR((M2+$N$2)/G2,1) -> 2.7604167 | AF2: =IFERROR(MAX((H2-$N$2),0)/B2,1) -> 0.5432984 | AG2: =IFERROR(MAX((I2-$N$2),0)/C2,1) -> 1.0697455 | AH2: =IFERROR(MAX((J2-$N$2),0)/D2,1) -> 0.51693405 | AI2: =IFERROR(MAX((K2-$N$2),0)/E2,1) -> 1.7413666 | AJ2: =IFERROR(MAX((L2-$N$2),0)/F2,1) -> 0.65880039 | AK2: =IFERROR(MAX((M2-$N$2),0)/G2,1) -> 0
A3: Île de Montréal | B3: 20.01 | C3: 34.06 | D3: 22.15 | E3: 10.67 | F3: 9.97 | G3: 3.13 | H3: 15 | I3: 34 | J3: 17 | K3: 24 | L3: 8 | M3: 2 | N3: ← modifier ici | O3: ← modifier ici | T3: =IFERROR(H3/B3,1) -> 0.74962519 | U3: =IFERROR(I3/C3,1) -> 0.9982384 | V3: =IFERROR(J3/D3,1) -> 0.76749436 | W3: =IFERROR(K3/E3,1) -> 2.2492971 | X3: =IFERROR(L3/F3,1) -> 0.80240722 | Y3: =IFERROR(M3/G3,1) -> 0.63897764 | Z3: =IFERROR((H3+$N$2)/B3,1) -> 0.91454273 | AA3: =IFERROR((I3+$N$2)/C3,1) -> 1.0951262 | AB3: =IFERROR((J3+$N$2)/D3,1) -> 0.91647856 | AC3: =IFERROR((K3+$N$2)/E3,1) -> 2.5585754 | AD3: =IFERROR((L3+$N$2)/F3,1) -> 1.1334002 | AE3: =IFERROR((M3+$N$2)/G3,1) -> 1.6932907 | AF3: =IFERROR(MAX((H3-$N$2),0)/B3,1) -> 0.58470765 | AG3: =IFERROR(MAX((I3-$N$2),0)/C3,1) -> 0.90135056 | AH3: =IFERROR(MAX((J3-$N$2),0)/D3,1) -> 0.61851016 | AI3: =IFERROR(MAX((K3-$N$2),0)/E3,1) -> 1.9400187 | AJ3: =IFERROR(MAX((L3-$N$2),0)/F3,1) -> 0.47141424 | AK3: =IFERROR(MAX((M3-$N$2),0)/G3,1) -> 0
A4: Banlieue de Montréal | B4: 45.27 | C4: 14.09 | D4: 13.88 | E4: 15.24 | F4: 10.28 | G4: 1.24 | H4: 32 | I4: 18 | J4: 7 | K4: 30 | L4: 12 | M4: 1 | T4: =IFERROR(H4/B4,1) -> 0.70686989 | U4: =IFERROR(I4/C4,1) -> 1.2775018 | V4: =IFERROR(J4/D4,1) -> 0.50432277 | W4: =IFERROR(K4/E4,1) -> 1.9685039 | X4: =IFERROR(L4/F4,1) -> 1.1673152 | Y4: =IFERROR(M4/G4,1) -> 0.80645161 | Z4: =IFERROR((H4+$N$2)/B4,1) -> 0.77976585 | AA4: =IFERROR((I4+$N$2)/C4,1) -> 1.5117104 | AB4: =IFERROR((J4+$N$2)/D4,1) -> 0.74207493 | AC4: =IFERROR((K4+$N$2)/E4,1) -> 2.1850394 | AD4: =IFERROR((L4+$N$2)/F4,1) -> 1.4883268 | AE4: =IFERROR((M4+$N$2)/G4,1) -> 3.4677419 | AF4: =IFERROR(MAX((H4-$N$2),0)/B4,1) -> 0.63397393 | AG4: =IFERROR(MAX((I4-$N$2),0)/C4,1) -> 1.0432931 | AH4: =IFERROR(MAX((J4-$N$2),0)/D4,1) -> 0.26657061 | AI4: =IFERROR(MAX((K4-$N$2),0)/E4,1) -> 1.7519685 | AJ4: =IFERROR(MAX((L4-$N$2),0)/F4,1) -> 0.8463035 | AK4: =IFERROR(MAX((M4-$N$2),0)/G4,1) -> 0
A5: Québec RMR | B5: 43.15 | C5: 5.84 | D5: 15.27 | E5: 13.27 | F5: 21.42 | G5: 1.06 | H5: 36 | I5: 7 | J5: 6 | K5: 28 | L5: 22 | M5: 1 | T5: =IFERROR(H5/B5,1) -> 0.83429896 | U5: =IFERROR(I5/C5,1) -> 1.1986301 | V5: =IFERROR(J5/D5,1) -> 0.39292731 | W5: =IFERROR(K5/E5,1) -> 2.1100226 | X5: =IFERROR(L5/F5,1) -> 1.0270775 | Y5: =IFERROR(M5/G5,1) -> 0.94339623 | Z5: =IFERROR((H5+$N$2)/B5,1) -> 0.91077636 | AA5: =IFERROR((I5+$N$2)/C5,1) -> 1.7636986 | AB5: =IFERROR((J5+$N$2)/D5,1) -> 0.60903733 | AC5: =IFERROR((K5+$N$2)/E5,1) -> 2.3587038 | AD5: =IFERROR((L5+$N$2)/F5,1) -> 1.1811391 | AE5: =IFERROR((M5+$N$2)/G5,1) -> 4.0566038 | AF5: =IFERROR(MAX((H5-$N$2),0)/B5,1) -> 0.75782155 | AG5: =IFERROR(MAX((I5-$N$2),0)/C5,1) -> 0.63356164 | AH5: =IFERROR(MAX((J5-$N$2),0)/D5,1) -> 0.17681729 | AI5: =IFERROR(MAX((K5-$N$2),0)/E5,1) -> 1.8613414 | AJ5: =IFERROR(MAX((L5-$N$2),0)/F5,1) -> 0.87301587 | AK5: =IFERROR(MAX((M5-$N$2),0)/G5,1) -> 0
A6: Reste du Québec | B6: 47.4 | C6: 6.99 | D6: 13.35 | E6: 16.59 | F6: 14.96 | G6: 0.71 | H6: 28 | I6: 16 | J6: 8 | K6: 29 | L6: 17 | M6: 1 | T6: =IFERROR(H6/B6,1) -> 0.5907173 | U6: =IFERROR(I6/C6,1) -> 2.2889843 | V6: =IFERROR(J6/D6,1) -> 0.59925094 | W6: =IFERROR(K6/E6,1) -> 1.748041 | X6: =IFERROR(L6/F6,1) -> 1.1363636 | Y6: =IFERROR(M6/G6,1) -> 1.4084507 | Z6: =IFERROR((H6+$N$2)/B6,1) -> 0.66033755 | AA6: =IFERROR((I6+$N$2)/C6,1) -> 2.7610873 | AB6: =IFERROR((J6+$N$2)/D6,1) -> 0.84644195 | AC6: =IFERROR((K6+$N$2)/E6,1) -> 1.946956 | AD6: =IFERROR((L6+$N$2)/F6,1) -> 1.3569519 | AE6: =IFERROR((M6+$N$2)/G6,1) -> 6.056338 | AF6: =IFERROR(MAX((H6-$N$2),0)/B6,1) -> 0.52109705 | AG6: =IFERROR(MAX((I6-$N$2),0)/C6,1) -> 1.8168813 | AH6: =IFERROR(MAX((J6-$N$2),0)/D6,1) -> 0.35205993 | AI6: =IFERROR(MAX((K6-$N$2),0)/E6,1) -> 1.549126 | AJ6: =IFERROR(MAX((L6-$N$2),0)/F6,1) -> 0.9157754 | AK6: =IFERROR(MAX((M6-$N$2),0)/G6,1) -> 0

Sheet Méthodologie
A1: Paramètre | B1: Description
A2: Modèle QC125 v3.0 | B2: Projection électorale québécoise – 125 circonscriptions, 4 scénarios
A3: Sondage | B3: Synopsis Recherche / La Presse, 24-26 août 2026, après répartition (n=867). Marge ≈ ±3,3pp. Île MTL (n=213, ±6,7pp), Banlieue (n=204, ±6,9pp), QC RMR (n=155, ±7,9pp ⚠️), Ailleurs QC (n=295, ±5,7pp). MTL RMR = agrégat pondéré île+banlieue. ATTENTION: CAQ +15pp en QC RMR vs vague précédente — dépasse la MOE mais reste à surveiller.
A4: Source 2022 | B4: DGEQ, Rapport officiel du scrutin, élections générales 2022-10-03.
A5: Source 2018 | B5: DGEQ, Rapport officiel du scrutin, élections générales 2018-10-01. Bourget (2018) → Camille-Laurin (2022).
A6: Régions | B6: Île de Montréal (28 circs), Banlieue MTL (39), Québec RMR (13), Reste du QC (45). Montréal RMR = agrégat île+banlieue, données sondage uniquement.
A7: Scénario A | B7: Swing proportionnel régional : votes_projetés = votes_2022 × (sondage_région / réf_2022_région).
A8: Scénario B | B8: Inertie locale : Scén. A + (résidu_local/100 × total_votes × facteur_inertie). Résidu = Δ_circ – Δ_région (2018→2022). Facteur Régions!O2.
A9: Scén. C/D | B9: Fourchette : sondage ± marge d'erreur (Régions!N2, défaut 3,5 pp). Montre la plage plausible de sièges.
A10: Résidus (AU:AX) | B10: CAQ/PLQ/QS/PQ uniquement. PCQ exclue (nouveau parti 2022). Stdev résidu CAQ ≈ 8 pp. Camille-Laurin calculé sur Bourget (2018).
A11: Limites | B11: Modèle déterministe. Pas de régression vers la moyenne. Pas d'effets candidat-vedette. Résidus 2018→2022 peuvent ne pas se répéter.
A12: Pour actualiser | B12: 1) Entrer sondages régionaux dans Régions!H2:M6 2) Ajuster marge en N2 3) Ajuster facteur inertie en O2 4) Lire Sièges.
