Workbook

Sheet Sièges
A1: MODÈLE VIVANT QC127 – PROJECTIONS ÉLECTORALES v6.0 (127 circonscriptions)
A2: Pallas Data, 29 août 2026 (n=1108, IVR, ±2,9pp) | Source: DGEQ 2022 + 2018, redécoupage 2026 recalculé géographiquement | Seuil majorité: 64 sièges
A4: Scénario | B4: CAQ | C4: PLQ | D4: QS | E4: PQ | F4: PCQ | G4: Autre | H4: Majorité?
A5: Référence 2022 (DGEQ) | B5: =COUNTIF(Modèle!$C$2:$C$128,"CAQ") | C5: =COUNTIF(Modèle!$C$2:$C$128,"PLQ") | D5: =COUNTIF(Modèle!$C$2:$C$128,"QS") | E5: =COUNTIF(Modèle!$C$2:$C$128,"PQ") | F5: =COUNTIF(Modèle!$C$2:$C$128,"PCQ") | G5: =COUNTIF(Modèle!$C$2:$C$128,"Autre") | H5: =IF(MAX(B5:G5)>=64,"OUI ✓","non")
A6: Scén. A – Swing proportionnel | B6: =COUNTIF(Modèle!$AO$2:$AO$128,"CAQ") | C6: =COUNTIF(Modèle!$AO$2:$AO$128,"PLQ") | D6: =COUNTIF(Modèle!$AO$2:$AO$128,"QS") | E6: =COUNTIF(Modèle!$AO$2:$AO$128,"PQ") | F6: =COUNTIF(Modèle!$AO$2:$AO$128,"PCQ") | G6: =COUNTIF(Modèle!$AO$2:$AO$128,"Autre") | H6: =IF(MAX(B6:G6)>=64,"OUI ✓","non")
A7: Scén. B – A + Inertie locale | B7: =COUNTIF(Modèle!$AP$2:$AP$128,"CAQ") | C7: =COUNTIF(Modèle!$AP$2:$AP$128,"PLQ") | D7: =COUNTIF(Modèle!$AP$2:$AP$128,"QS") | E7: =COUNTIF(Modèle!$AP$2:$AP$128,"PQ") | F7: =COUNTIF(Modèle!$AP$2:$AP$128,"PCQ") | G7: =COUNTIF(Modèle!$AP$2:$AP$128,"Autre") | H7: =IF(MAX(B7:G7)>=64,"OUI ✓","non")
A8: Scén. C – Fourchette haute (+2,9pp) | B8: =COUNTIF(Modèle!$AQ$2:$AQ$128,"CAQ") | C8: =COUNTIF(Modèle!$AQ$2:$AQ$128,"PLQ") | D8: =COUNTIF(Modèle!$AQ$2:$AQ$128,"QS") | E8: =COUNTIF(Modèle!$AQ$2:$AQ$128,"PQ") | F8: =COUNTIF(Modèle!$AQ$2:$AQ$128,"PCQ") | G8: =COUNTIF(Modèle!$AQ$2:$AQ$128,"Autre") | H8: =IF(MAX(B8:G8)>=64,"OUI ✓","non")
A9: Scén. D – Fourchette basse (–2,9pp) | B9: =COUNTIF(Modèle!$AR$2:$AR$128,"CAQ") | C9: =COUNTIF(Modèle!$AR$2:$AR$128,"PLQ") | D9: =COUNTIF(Modèle!$AR$2:$AR$128,"QS") | E9: =COUNTIF(Modèle!$AR$2:$AR$128,"PQ") | F9: =COUNTIF(Modèle!$AR$2:$AR$128,"PCQ") | G9: =COUNTIF(Modèle!$AR$2:$AR$128,"Autre") | H9: =IF(MAX(B9:G9)>=64,"OUI ✓","non")
A10: Scén. E – Base 2018 (même sondage) | B10: =COUNTIF(Modèle!$BJ$2:$BJ$128,"CAQ") | C10: =COUNTIF(Modèle!$BJ$2:$BJ$128,"PLQ") | D10: =COUNTIF(Modèle!$BJ$2:$BJ$128,"QS") | E10: =COUNTIF(Modèle!$BJ$2:$BJ$128,"PQ") | F10: =COUNTIF(Modèle!$BJ$2:$BJ$128,"PCQ") | G10: =COUNTIF(Modèle!$BJ$2:$BJ$128,"Autre") | H10: =IF(MAX(B10:G10)>=64,"OUI ✓","non")
A12: Fourchette min (C vs D) | B12: =MIN(B8,B9) | C12: =MIN(C8,C9) | D12: =MIN(D8,D9) | E12: =MIN(E8,E9) | F12: =MIN(F8,F9) | G12: =MIN(G8,G9)
A13: Fourchette max (C vs D) | B13: =MAX(B8,B9) | C13: =MAX(C8,C9) | D13: =MAX(D8,D9) | E13: =MAX(E8,E9) | F13: =MAX(F8,F9) | G13: =MAX(G8,G9)
A15: Bascules potentielles (marge <5%pt): | B15: =COUNTIF(Modèle!AT2:AT128,"Oui")

Sheet Modèle
A1: Circonscription | B1: Région | C1: Vainqueur 2022 | D1: CAQ 2022 | E1: PLQ 2022 | F1: QS 2022 | G1: PQ 2022 | H1: PCQ 2022 | I1: Autre 2022 | J1: Total | K1: % CAQ | L1: % PLQ | M1: % QS | N1: % PQ | O1: % PCQ | P1: % Autre | Q1: A-CAQ | R1: A-PLQ | S1: A-QS | T1: A-PQ | U1: A-PCQ | V1: A-Autre | W1: B-CAQ | X1: B-PLQ | Y1: B-QS | Z1: B-PQ | AA1: B-PCQ | AB1: B-Autre | AC1: C-CAQ | AD1: C-PLQ | AE1: C-QS | AF1: C-PQ | AG1: C-PCQ | AH1: C-Autre | AI1: D-CAQ | AJ1: D-PLQ | AK1: D-QS | AL1: D-PQ | AM1: D-PCQ | AN1: D-Autre | AO1: Vainq. A | AP1: Vainq. B | AQ1: Vainq. C | AR1: Vainq. D | AS1: Marge 2022 | AT1: Bascule | AU1: Résidu CAQ | AV1: Résidu PLQ | AW1: Résidu QS | AX1: Résidu PQ | AY1: CAQ 2018 | AZ1: PLQ 2018 | BA1: QS 2018 | BB1: PQ 2018 | BC1: Autre 2018 | BD1: E-CAQ | BE1: E-PLQ | BF1: E-QS | BG1: E-PQ | BH1: E-PCQ | BI1: E-Autre | BJ1: Vainq. E
A2: Abitibi-Est | B2: Reste du Québec | C2: CAQ | D2: 9762 | E2: 3044 | F2: 2838 | G2: 2565 | H2: 2486 | I2: 0 | J2: =SUM(D2:I2) | K2: =IFERROR(D2/J2,0) | L2: =IFERROR(E2/J2,0) | M2: =IFERROR(F2/J2,0) | N2: =IFERROR(G2/J2,0) | O2: =IFERROR(H2/J2,0) | P2: =IFERROR(I2/J2,0) | Q2: =D2*INDEX(Régions!$T$2:$T$6,MATCH($B2,Régions!$A$2:$A$6,0)) | R2: =E2*INDEX(Régions!$U$2:$U$6,MATCH($B2,Régions!$A$2:$A$6,0)) | S2: =F2*INDEX(Régions!$V$2:$V$6,MATCH($B2,Régions!$A$2:$A$6,0)) | T2: =G2*INDEX(Régions!$W$2:$W$6,MATCH($B2,Régions!$A$2:$A$6,0)) | U2: =H2*INDEX(Régions!$X$2:$X$6,MATCH($B2,Régions!$A$2:$A$6,0)) | V2: =I2*INDEX(Régions!$Y$2:$Y$6,MATCH($B2,Régions!$A$2:$A$6,0)) | W2: =Q2+(AU2/100)*J2*Régions!$O$2 | X2: =R2+(AV2/100)*J2*Régions!$O$2 | Y2: =S2+(AW2/100)*J2*Régions!$O$2 | Z2: =T2+(AX2/100)*J2*Régions!$O$2 | AA2: =U2 | AB2: =V2 | AC2: =D2*INDEX(Régions!$Z$2:$Z$6,MATCH($B2,Régions!$A$2:$A$6,0)) | AD2: =E2*INDEX(Régions!$AA$2:$AA$6,MATCH($B2,Régions!$A$2:$A$6,0)) | AE2: =F2*INDEX(Régions!$AB$2:$AB$6,MATCH($B2,Régions!$A$2:$A$6,0)) | AF2: =G2*INDEX(Régions!$AC$2:$AC$6,MATCH($B2,Régions!$A$2:$A$6,0)) | AG2: =H2*INDEX(Régions!$AD$2:$AD$6,MATCH($B2,Régions!$A$2:$A$6,0)) | AH2: =I2*INDEX(Régions!$AE$2:$AE$6,MATCH($B2,Régions!$A$2:$A$6,0)) | AI2: =D2*INDEX(Régions!$AF$2:$AF$6,MATCH($B2,Régions!$A$2:$A$6,0)) | AJ2: =E2*INDEX(Régions!$AG$2:$AG$6,MATCH($B2,Régions!$A$2:$A$6,0)) | AK2: =F2*INDEX(Régions!$AH$2:$AH$6,MATCH($B2,Régions!$A$2:$A$6,0)) | AL2: =G2*INDEX(Régions!$AI$2:$AI$6,MATCH($B2,Régions!$A$2:$A$6,0)) | AM2: =H2*INDEX(Régions!$AJ$2:$AJ$6,MATCH($B2,Régions!$A$2:$A$6,0)) | AN2: =I2*INDEX(Régions!$AK$2:$AK$6,MATCH($B2,Régions!$A$2:$A$6,0)) | AO2: =INDEX({"CAQ","PLQ","QS","PQ","PCQ","Autre"},MATCH(MAX(Q2:V2),Q2:V2,0)) | AP2: =INDEX({"CAQ","PLQ","QS","PQ","PCQ","Autre"},MATCH(MAX(W2:AB2),W2:AB2,0)) | AQ2: =INDEX({"CAQ","PLQ","QS","PQ","PCQ","Autre"},MATCH(MAX(AC2:AH2),AC2:AH2,0)) | AR2: =INDEX({"CAQ","PLQ","QS","PQ","PCQ","Autre"},MATCH(MAX(AI2:AN2),AI2:AN2,0)) | AS2: =(MAX(K2:P2)-LARGE(K2:P2,2))*100 | AT2: =IF(AS2<5,"Oui","Non") | AU2: -1.497 | AV2: 8.708 | AW2: -0.958 | AX2: -3.106 | AY2: 8967 | AZ2: 3936 | BA2: 3287 | BB2: 4090 | BC2: 711 | BD2: =AY2*INDEX(Régions!$AQ$2:$AQ$6,MATCH($B2,Régions!$A$2:$A$6,0)) | BE2: =AZ2*INDEX(Régions!$AR$2:$AR$6,MATCH($B2,Régions!$A$2:$A$6,0)) | BF2: =BA2*INDEX(Régions!$AS$2:$AS$6,MATCH($B2,Régions!$A$2:$A$6,0)) | BG2: =BB2*INDEX(Régions!$AT$2:$AT$6,MATCH($B2,Régions!$A$2:$A$6,0)) | BH2: =U2 | BI2: =BC2*INDEX(Régions!$AU$2:$AU$6,MATCH($B2,Régions!$A$2:$A$6,0)) | BJ2: =INDEX({"CAQ","PLQ","QS","PQ","PCQ","Autre"},MATCH(MAX(BD2:BI2),BD2:BI2,0))
A3: Abitibi-Ouest | B3: Reste du Québec | C3: CAQ | D3: 10399 | E3: 1153 | F3: 3623 | G3: 4619 | H3: 2293 | I3: 159 | J3: =SUM(D3:I3) | K3: =IFERROR(D3/J3,0) | L3: =IFERROR(E3/J3,0) | M3: =IFERROR(F3/J3,0) | N3: =IFERROR(G3/J3,0) | O3: =IFERROR(H3/J3,0) | P3: =IFERROR(I3/J3,0) | Q3: =D3*INDEX(Régions!$T$2:$T$6,MATCH($B3,Régions!$A$2:$A$6,0)) | R3: =E3*INDEX(Régions!$U$2:$U$6,MATCH($B3,Régions!$A$2:$A$6,0)) | S3: =F3*INDEX(Régions!$V$2:$V$6,MATCH($B3,Régions!$A$2:$A$6,0)) | T3: =G3*INDEX(Régions!$W$2:$W$6,MATCH($B3,Régions!$A$2:$A$6,0)) | U3: =H3*INDEX(Régions!$X$2:$X$6,MATCH($B3,Régions!$A$2:$A$6,0)) | V3: =I3*INDEX(Régions!$Y$2:$Y$6,MATCH($B3,Régions!$A$2:$A$6,0)) | W3: =Q3+(AU3/100)*J3*Régions!$O$2 | X3: =R3+(AV3/100)*J3*Régions!$O$2 | Y3: =S3+(AW3/100)*J3*Régions!$O$2 | Z3: =T3+(AX3/100)*J3*Régions!$O$2 | AA3: =U3 | AB3: =V3 | AC3: =D3*INDEX(Régions!$Z$2:$Z$6,MATCH($B3,Régions!$A$2:$A$6,0)) | AD3: =E3*INDEX(Régions!$AA$2:$AA$6,MATCH($B3,Régions!$A$2:$A$6,0)) | AE3: =F3*INDEX(Régions!$AB$2:$AB$6,MATCH($B3,Régions!$A$2:$A$6,0)) | AF3: =G3*INDEX(Régions!$AC$2:$AC$6,MATCH($B3,Régions!$A$2:$A$6,0)) | AG3: =H3*INDEX(Régions!$AD$2:$AD$6,MATCH($B3,Régions!$A$2:$A$6,0)) | AH3: =I3*INDEX(Régions!$AE$2:$AE$6,MATCH($B3,Régions!$A$2:$A$6,0)) | AI3: =D3*INDEX(Régions!$AF$2:$AF$6,MATCH($B3,Régions!$A$2:$A$6,0)) | AJ3: =E3*INDEX(Régions!$AG$2:$AG$6,MATCH($B3,Régions!$A$2:$A$6,0)) | AK3: =F3*INDEX(Régions!$AH$2:$AH$6,MATCH($B3,Régions!$A$2:$A$6,0)) | AL3: =G3*INDEX(Régions!$AI$2:$AI$6,MATCH($B3,Régions!$A$2:$A$6,0)) | AM3: =H3*INDEX(Régions!$AJ$2:$AJ$6,MATCH($B3,Régions!$A$2:$A$6,0)) | AN3: =I3*INDEX(Régions!$AK$2:$AK$6,MATCH($B3,Régions!$A$2:$A$6,0)) | AO3: =INDEX({"CAQ","PLQ","QS","PQ","PCQ","Autre"},MATCH(MAX(Q3:V3),Q3:V3,0)) | AP3: =INDEX({"CAQ","PLQ","QS","PQ","PCQ","Autre"},MATCH(MAX(W3:AB3),W3:AB3,0)) | AQ3: =INDEX({"CAQ","PLQ","QS","PQ","PCQ","Autre"},MATCH(MAX(AC3:AH3),AC3:AH3,0)) | AR3: =INDEX({"CAQ","PLQ","QS","PQ","PCQ","Autre"},MATCH(MAX(AI3:AN3),AI3:AN3,0)) | AS3: =(MAX(K3:P3)-LARGE(K3:P3,2))*100 | AT3: =IF(AS3<5,"Oui","Non") | AU3: 6.676 | AV3: 6.622 | AW3: 0.68 | AX3: -8.51 | AY3: 7680 | AZ3: 2546 | BA3: 3735 | BB3: 7486 | BC3: 1062 | BD3: =AY3*INDEX(Régions!$AQ$2:$AQ$6,MATCH($B3,Régions!$A$2:$A$6,0)) | BE3: =AZ3*INDEX(Régions!$AR$2:$AR$6,MATCH($B3,Régions!$A$2:$A$6,0)) | BF3: =BA3*INDEX(Régions!$AS$2:$AS$6,MATCH($B3,Régions!$A$2:$A$6,0)) | BG3: =BB3*INDEX(Régions!$AT$2:$AT$6,MATCH($B3,Régions!$A$2:$A$6,0)) | BH3: =U3 | BI3: =BC3*INDEX(Régions!$AU$2:$AU$6,MATCH($B3,Régions!$A$2:$A$6,0)) | BJ3: =INDEX({"CAQ","PLQ","QS","PQ","PCQ","Autre"},MATCH(MAX(BD3:BI3),BD3:BI3,0))
A4: Acadie | B4: Île de Montréal | C4: PLQ | D4: 4446 | E4: 10981 | F4: 4468 | G4: 2565 | H4: 2955 | I4: 569 | J4: =SUM(D4:I4) | K4: =IFERROR(D4/J4,0) | L4: =IFERROR(E4/J4,0) | M4: =IFERROR(F4/J4,0) | N4: =IFERROR(G4/J4,0) | O4: =IFERROR(H4/J4,0) | P4: =IFERROR(I4/J4,0) | Q4: =D4*INDEX(Régions!$T$2:$T$6,MATCH($B4,Régions!$A$2:$A$6,0)) | R4: =E4*INDEX(Régions!$U$2:$U$6,MATCH($B4,Régions!$A$2:$A$6,0)) | S4: =F4*INDEX(Régions!$V$2:$V$6,MATCH($B4,Régions!$A$2:$A$6,0)) | T4: =G4*INDEX(Régions!$W$2:$W$6,MATCH($B4,Régions!$A$2:$A$6,0)) | U4: =H4*INDEX(Régions!$X$2:$X$6,MATCH($B4,Régions!$A$2:$A$6,0)) | V4: =I4*INDEX(Régions!$Y$2:$Y$6,MATCH($B4,Régions!$A$2:$A$6,0)) | W4: =Q4+(AU4/100)*J4*Régions!$O$2 | X4: =R4+(AV4/100)*J4*Régions!$O$2 | Y4: =S4+(AW4/100)*J4*Régions!$O$2 | Z4: =T4+(AX4/100)*J4*Régions!$O$2 | AA4: =U4 | AB4: =V4 | AC4: =D4*INDEX(Régions!$Z$2:$Z$6,MATCH($B4,Régions!$A$2:$A$6,0)) | AD4: =E4*INDEX(Régions!$AA$2:$AA$6,MATCH($B4,Régions!$A$2:$A$6,0)) | AE4: =F4*INDEX(Régions!$AB$2:$AB$6,MATCH($B4,Régions!$A$2:$A$6,0)) | AF4: =G4*INDEX(Régions!$AC$2:$AC$6,MATCH($B4,Régions!$A$2:$A$6,0)) | AG4: =H4*INDEX(Régions!$AD$2:$AD$6,MATCH($B4,Régions!$A$2:$A$6,0)) | AH4: =I4*INDEX(Régions!$AE$2:$AE$6,MATCH($B4,Régions!$A$2:$A$6,0)) | AI4: =D4*INDEX(Régions!$AF$2:$AF$6,MATCH($B4,Régions!$A$2:$A$6,0)) | AJ4: =E4*INDEX(Régions!$AG$2:$AG$6,MATCH($B4,Régions!$A$2:$A$6,0)) | AK4: =F4*INDEX(Régions!$AH$2:$AH$6,MATCH($B4,Régions!$A$2:$A$6,0)) | AL4: =G4*INDEX(Régions!$AI$2:$AI$6,MATCH($B4,Régions!$A$2:$A$6,0)) | AM4: =H4*INDEX(Régions!$AJ$2:$AJ$6,MATCH($B4,Régions!$A$2:$A$6,0)) | AN4: =I4*INDEX(Régions!$AK$2:$AK$6,MATCH($B4,Régions!$A$2:$A$6,0)) | AO4: =INDEX({"CAQ","PLQ","QS","PQ","PCQ","Autre"},MATCH(MAX(Q4:V4),Q4:V4,0)) | AP4: =INDEX({"CAQ","PLQ","QS","PQ","PCQ","Autre"},MATCH(MAX(W4:AB4),W4:AB4,0)) | AQ4: =INDEX({"CAQ","PLQ","QS","PQ","PCQ","Autre"},MATCH(MAX(AC4:AH4),AC4:AH4,0)) | AR4: =INDEX({"CAQ","PLQ","QS","PQ","PCQ","Autre"},MATCH(MAX(AI4:AN4),AI4:AN4,0)) | AS4: =(MAX(K4:P4)-LARGE(K4:P4,2))*100 | AT4: =IF(AS4<5,"Oui","Non") | AU4: -1.51 | AV4: -2.701 | AW4: 2.702 | AX4: 2.023 | AY4: 4391 | AZ4: 14305 | BA4: 3656 | BB4: 2394 | BC4: 1845 | BD4: =AY4*INDEX(Régions!$AQ$2:$AQ$6,MATCH($B4,Régions!$A$2:$A$6,0)) | BE4: =AZ4*INDEX(Régions!$AR$2:$AR$6,MATCH($B4,Régions!$A$2:$A$6,0)) | BF4: =BA4*INDEX(Régions!$AS$2:$AS$6,MATCH($B4,Régions!$A$2:$A$6,0)) | BG4: =BB4*INDEX(Régions!$AT$2:$AT$6,MATCH($B4,Régions!$A$2:$A$6,0)) | BH4: =U4 | BI4: =BC4*INDEX(Régions!$AU$2:$AU$6,MATCH($B4,Régions!$A$2:$A$6,0)) | BJ4: =INDEX({"CAQ","PLQ","QS","PQ","PCQ","Autre"},MATCH(MAX(BD4:BI4),BD4:BI4,0))
A5: Anjou–Louis-Riel | B5: Île de Montréal | C5: CAQ | D5: 9376 | E5: 8045 | F5: 3893 | G5: 2910 | H5: 1887 | I5: 252 | J5: =SUM(D5:I5) | K5: =IFERROR(D5/J5,0) | L5: =IFERROR(E5/J5,0) | M5: =IFERROR(F5/J5,0) | N5: =IFERROR(G5/J5,0) | O5: =IFERROR(H5/J5,0) | P5: =IFERROR(I5/J5,0) | Q5: =D5*INDEX(Régions!$T$2:$T$6,MATCH($B5,Régions!$A$2:$A$6,0)) | R5: =E5*INDEX(Régions!$U$2:$U$6,MATCH($B5,Régions!$A$2:$A$6,0)) | S5: =F5*INDEX(Régions!$V$2:$V$6,MATCH($B5,Régions!$A$2:$A$6,0)) | T5: =G5*INDEX(Régions!$W$2:$W$6,MATCH($B5,Régions!$A$2:$A$6,0)) | U5: =H5*INDEX(Régions!$X$2:$X$6,MATCH($B5,Régions!$A$2:$A$6,0)) | V5: =I5*INDEX(Régions!$Y$2:$Y$6,MATCH($B5,Régions!$A$2:$A$6,0)) | W5: =Q5+(AU5/100)*J5*Régions!$O$2 | X5: =R5+(AV5/100)*J5*Régions!$O$2 | Y5: =S5+(AW5/100)*J5*Régions!$O$2 | Z5: =T5+(AX5/100)*J5*Régions!$O$2 | AA5: =U5 | AB5: =V5 | AC5: =D5*INDEX(Régions!$Z$2:$Z$6,MATCH($B5,Régions!$A$2:$A$6,0)) | AD5: =E5*INDEX(Régions!$AA$2:$AA$6,MATCH($B5,Régions!$A$2:$A$6,0)) | AE5: =F5*INDEX(Régions!$AB$2:$AB$6,MATCH($B5,Régions!$A$2:$A$6,0)) | AF5: =G5*INDEX(Régions!$AC$2:$AC$6,MATCH($B5,Régions!$A$2:$A$6,0)) | AG5: =H5*INDEX(Régions!$AD$2:$AD$6,MATCH($B5,Régions!$A$2:$A$6,0)) | AH5: =I5*INDEX(Régions!$AE$2:$AE$6,MATCH($B5,Régions!$A$2:$A$6,0)) | AI5: =D5*INDEX(Régions!$AF$2:$AF$6,MATCH($B5,Régions!$A$2:$A$6,0)) | AJ5: =E5*INDEX(Régions!$AG$2:$AG$6,MATCH($B5,Régions!$A$2:$A$6,0)) | AK5: =F5*INDEX(Régions!$AH$2:$AH$6,MATCH($B5,Régions!$A$2:$A$6,0)) | AL5: =G5*INDEX(Régions!$AI$2:$AI$6,MATCH($B5,Régions!$A$2:$A$6,0)) | AM5: =H5*INDEX(Régions!$AJ$2:$AJ$6,MATCH($B5,Régions!$A$2:$A$6,0)) | AN5: =I5*INDEX(Régions!$AK$2:$AK$6,MATCH($B5,Régions!$A$2:$A$6,0)) | AO5: =INDEX({"CAQ","PLQ","QS","PQ","PCQ","Autre"},MATCH(MAX(Q5:V5),Q5:V5,0)) | AP5: =INDEX({"CAQ","PLQ","QS","PQ","PCQ","Autre"},MATCH(MAX(W5:AB5),W5:AB5,0)) | AQ5: =INDEX({"CAQ","PLQ","QS","PQ","PCQ","Autre"},MATCH(MAX(AC5:AH5),AC5:AH5,0)) | AR5: =INDEX({"CAQ","PLQ","QS","PQ","PCQ","Autre"},MATCH(MAX(AI5:AN5),AI5:AN5,0)) | AS5: =(MAX(K5:P5)-LARGE(K5:P5,2))*100 | AT5: =IF(AS5<5,"Oui","Non") | AU5: 4.546 | AV5: 0.29 | AW5: -0.507 | AX5: -2.503 | AY5: 7995 | AZ5: 10802 | BA5: 4018 | BB5: 4064 | BC5: 775 | BD5: =AY5*INDEX(Régions!$AQ$2:$AQ$6,MATCH($B5,Régions!$A$2:$A$6,0)) | BE5: =AZ5*INDEX(Régions!$AR$2:$AR$6,MATCH($B5,Régions!$A$2:$A$6,0)) | BF5: =BA5*INDEX(Régions!$AS$2:$AS$6,MATCH($B5,Régions!$A$2:$A$6,0)) | BG5: =BB5*INDEX(Régions!$AT$2:$AT$6,MATCH($B5,Régions!$A$2:$A$6,0)) | BH5: =U5 | BI5: =BC5*INDEX(Régions!$AU$2:$AU$6,MATCH($B5,Régions!$A$2:$A$6,0)) | BJ5: =INDEX({"CAQ","PLQ","QS","PQ","PCQ","Autre"},MATCH(MAX(BD5:BI5),BD5:BI5,0))
A6: Argenteuil | B6: Reste du Québec | C6: CAQ | D6: 11414 | E6: 2535 | F6: 2753 | G6: 4090 | H6: 4005 | I6: 408 | J6: =SUM(D6:I6) | K6: =IFERROR(D6/J6,0) | L6: =IFERROR(E6/J6,0) | M6: =IFERROR(F6/J6,0) | N6: =IFERROR(G6/J6,0) | O6: =IFERROR(H6/J6,0) | P6: =IFERROR(I6/J6,0) | Q6: =D6*INDEX(Régions!$T$2:$T$6,MATCH($B6,Régions!$A$2:$A$6,0)) | R6: =E6*INDEX(Régions!$U$2:$U$6,MATCH($B6,Régions!$A$2:$A$6,0)) | S6: =F6*INDEX(Régions!$V$2:$V$6,MATCH($B6,Régions!$A$2:$A$6,0)) | T6: =G6*INDEX(Régions!$W$2:$W$6,MATCH($B6,Régions!$A$2:$A$6,0)) | U6: =H6*INDEX(Régions!$X$2:$X$6,MATCH($B6,Régions!$A$2:$A$6,0)) | V6: =I6*INDEX(Régions!$Y$2:$Y$6,MATCH($B6,Régions!$A$2:$A$6,0)) | W6: =Q6+(AU6/100)*J6*Régions!$O$2 | X6: =R6+(AV6/100)*J6*Régions!$O$2 | Y6: =S6+(AW6/100)*J6*Régions!$O$2 | Z6: =T6+(AX6/100)*J6*Régions!$O$2 | AA6: =U6 | AB6: =V6 | AC6: =D6*INDEX(Régions!$Z$2:$Z$6,MATCH($B6,Régions!$A$2:$A$6,0)) | AD6: =E6*INDEX(Régions!$AA$2:$AA$6,MATCH($B6,Régions!$A$2:$A$6,0)) | AE6: =F6*INDEX(Régions!$AB$2:$AB$6,MATCH($B6,Régions!$A$2:$A$6,0)) | AF6: =G6*INDEX(Régions!$AC$2:$AC$6,MATCH($B6,Régions!$A$2:$A$6,0)) | AG6: =H6*INDEX(Régions!$AD$2:$AD$6,MATCH($B6,Régions!$A$2:$A$6,0)) | AH6: =I6*INDEX(Régions!$AE$2:$AE$6,MATCH($B6,Régions!$A$2:$A$6,0)) | AI6: =D6*INDEX(Régions!$AF$2:$AF$6,MATCH($B6,Régions!$A$2:$A$6,0)) | AJ6: =E6*INDEX(Régions!$AG$2:$AG$6,MATCH($B6,Régions!$A$2:$A$6,0)) | AK6: =F6*INDEX(Régions!$AH$2:$AH$6,MATCH($B6,Régions!$A$2:$A$6,0)) | AL6: =G6*INDEX(Régions!$AI$2:$AI$6,MATCH($B6,Régions!$A$2:$A$6,0)) | AM6: =H6*INDEX(Régions!$AJ$2:$AJ$6,MATCH($B6,Régions!$A$2:$A$6,0)) | AN6: =I6*INDEX(Régions!$AK$2:$AK$6,MATCH($B6,Régions!$A$2:$A$6,0)) | AO6: =INDEX({"CAQ","PLQ","QS","PQ","PCQ","Autre"},MATCH(MAX(Q6:V6),Q6:V6,0)) | AP6: =INDEX({"CAQ","PLQ","QS","PQ","PCQ","Autre"},MATCH(MAX(W6:AB6),W6:AB6,0)) | AQ6: =INDEX({"CAQ","PLQ","QS","PQ","PCQ","Autre"},MATCH(MAX(AC6:AH6),AC6:AH6,0)) | AR6: =INDEX({"CAQ","PLQ","QS","PQ","PCQ","Autre"},MATCH(MAX(AI6:AN6),AI6:AN6,0)) | AS6: =(MAX(K6:P6)-LARGE(K6:P6,2))*100 | AT6: =IF(AS6<5,"Oui","Non") | AU6: -0.11 | AV6: 5.703 | AW6: -0.363 | AX6: -0.819 | AY6: 9275 | AZ6: 4022 | BA6: 2886 | BB6: 4945 | BC6: 2386 | BD6: =AY6*INDEX(Régions!$AQ$2:$AQ$6,MATCH($B6,Régions!$A$2:$A$6,0)) | BE6: =AZ6*INDEX(Régions!$AR$2:$AR$6,MATCH($B6,Régions!$A$2:$A$6,0)) | BF6: =BA6*INDEX(Régions!$AS$2:$AS$6,MATCH($B6,Régions!$A$2:$A$6,0)) | BG6: =BB6*INDEX(Régions!$AT$2:$AT$6,MATCH($B6,Régions!$A$2:$A$6,0)) | BH6: =U6 | BI6: =BC6*INDEX(Régions!$AU$2:$AU$6,MATCH($B6,Régions!$A$2:$A$6,0)) | BJ6: =INDEX({"CAQ","PLQ","QS","PQ","PCQ","Autre"},MATCH(MAX(BD6:BI6),BD6:BI6,0))
A7: Arthabaska-L'Érable | B7: Reste du Québec | C7: CAQ | D7: 22986 | E7: 1669 | F7: 4100 | G7: 4460 | H7: 10951 | I7: 252 | J7: =SUM(D7:I7) | K7: =IFERROR(D7/J7,0) | L7: =IFERROR(E7/J7,0) | M7: =IFERROR(F7/J7,0) | N7: =IFERROR(G7/J7,0) | O7: =IFERROR(H7/J7,0) | P7: =IFERROR(I7/J7,0) | Q7: =D7*INDEX(Régions!$T$2:$T$6,MATCH($B7,Régions!$A$2:$A$6,0)) | R7: =E7*INDEX(Régions!$U$2:$U$6,MATCH($B7,Régions!$A$2:$A$6,0)) | S7: =F7*INDEX(Régions!$V$2:$V$6,MATCH($B7,Régions!$A$2:$A$6,0)) | T7: =G7*INDEX(Régions!$W$2:$W$6,MATCH($B7,Régions!$A$2:$A$6,0)) | U7: =H7*INDEX(Régions!$X$2:$X$6,MATCH($B7,Régions!$A$2:$A$6,0)) | V7: =I7*INDEX(Régions!$Y$2:$Y$6,MATCH($B7,Régions!$A$2:$A$6,0)) | W7: =Q7+(AU7/100)*J7*Régions!$O$2 | X7: =R7+(AV7/100)*J7*Régions!$O$2 | Y7: =S7+(AW7/100)*J7*Régions!$O$2 | Z7: =T7+(AX7/100)*J7*Régions!$O$2 | AA7: =U7 | AB7: =V7 | AC7: =D7*INDEX(Régions!$Z$2:$Z$6,MATCH($B7,Régions!$A$2:$A$6,0)) | AD7: =E7*INDEX(Régions!$AA$2:$AA$6,MATCH($B7,Régions!$A$2:$A$6,0)) | AE7: =F7*INDEX(Régions!$AB$2:$AB$6,MATCH($B7,Régions!$A$2:$A$6,0)) | AF7: =G7*INDEX(Régions!$AC$2:$AC$6,MATCH($B7,Régions!$A$2:$A$6,0)) | AG7: =H7*INDEX(Régions!$AD$2:$AD$6,MATCH($B7,Régions!$A$2:$A$6,0)) | AH7: =I7*INDEX(Régions!$AE$2:$AE$6,MATCH($B7,Régions!$A$2:$A$6,0)) | AI7: =D7*INDEX(Régions!$AF$2:$AF$6,MATCH($B7,Régions!$A$2:$A$6,0)) | AJ7: =E7*INDEX(Régions!$AG$2:$AG$6,MATCH($B7,Régions!$A$2:$A$6,0)) | AK7: =F7*INDEX(Régions!$AH$2:$AH$6,MATCH($B7,Régions!$A$2:$A$6,0)) | AL7: =G7*INDEX(Régions!$AI$2:$AI$6,MATCH($B7,Régions!$A$2:$A$6,0)) | AM7: =H7*INDEX(Régions!$AJ$2:$AJ$6,MATCH($B7,Régions!$A$2:$A$6,0)) | AN7: =I7*INDEX(Régions!$AK$2:$AK$6,MATCH($B7,Régions!$A$2:$A$6,0)) | AO7: =INDEX({"CAQ","PLQ","QS","PQ","PCQ","Autre"},MATCH(MAX(Q7:V7),Q7:V7,0)) | AP7: =INDEX({"CAQ","PLQ","QS","PQ","PCQ","Autre"},MATCH(MAX(W7:AB7),W7:AB7,0)) | AQ7: =INDEX({"CAQ","PLQ","QS","PQ","PCQ","Autre"},MATCH(MAX(AC7:AH7),AC7:AH7,0)) | AR7: =INDEX({"CAQ","PLQ","QS","PQ","PCQ","Autre"},MATCH(MAX(AI7:AN7),AI7:AN7,0)) | AS7: =(MAX(K7:P7)-LARGE(K7:P7,2))*100 | AT7: =IF(AS7<5,"Oui","Non") | AU7: -16.008 | AV7: 5.147 | AW7: -2.372 | AX7: 4.61 | AY7: 25130 | AZ7: 4619 | BA7: 5119 | BB7: 3828 | BC7: 1963 | BD7: =AY7*INDEX(Régions!$AQ$2:$AQ$6,MATCH($B7,Régions!$A$2:$A$6,0)) | BE7: =AZ7*INDEX(Régions!$AR$2:$AR$6,MATCH($B7,Régions!$A$2:$A$6,0)) | BF7: =BA7*INDEX(Régions!$AS$2:$AS$6,MATCH($B7,Régions!$A$2:$A$6,0)) | BG7: =BB7*INDEX(Régions!$AT$2:$AT$6,MATCH($B7,Régions!$A$2:$A$6,0)) | BH7: =U7 | BI7: =BC7*INDEX(Régions!$AU$2:$AU$6,MATCH($B7,Régions!$A$2:$A$6,0)) | BJ7: =INDEX({"CAQ","PLQ","QS","PQ","PCQ","Autre"},MATCH(MAX(BD7:BI7),BD7:BI7,0))
A8: Beauce-Nord | B8: Reste du Québec | C8: CAQ | D8: 14590 | E8: 951 | F8: 1522 | G8: 1994 | H8: 14388 | I8: 146 | J8: =SUM(D8:I8) | K8: =IFERROR(D8/J8,0) | L8: =IFERROR(E8/J8,0) | M8: =IFERROR(F8/J8,0) | N8: =IFERROR(G8/J8,0) | O8: =IFERROR(H8/J8,0) | P8: =IFERROR(I8/J8,0) | Q8: =D8*INDEX(Régions!$T$2:$T$6,MATCH($B8,Régions!$A$2:$A$6,0)) | R8: =E8*INDEX(Régions!$U$2:$U$6,MATCH($B8,Régions!$A$2:$A$6,0)) | S8: =F8*INDEX(Régions!$V$2:$V$6,MATCH($B8,Régions!$A$2:$A$6,0)) | T8: =G8*INDEX(Régions!$W$2:$W$6,MATCH($B8,Régions!$A$2:$A$6,0)) | U8: =H8*INDEX(Régions!$X$2:$X$6,MATCH($B8,Régions!$A$2:$A$6,0)) | V8: =I8*INDEX(Régions!$Y$2:$Y$6,MATCH($B8,Régions!$A$2:$A$6,0)) | W8: =Q8+(AU8/100)*J8*Régions!$O$2 | X8: =R8+(AV8/100)*J8*Régions!$O$2 | Y8: =S8+(AW8/100)*J8*Régions!$O$2 | Z8: =T8+(AX8/100)*J8*Régions!$O$2 | AA8: =U8 | AB8: =V8 | AC8: =D8*INDEX(Régions!$Z$2:$Z$6,MATCH($B8,Régions!$A$2:$A$6,0)) | AD8: =E8*INDEX(Régions!$AA$2:$AA$6,MATCH($B8,Régions!$A$2:$A$6,0)) | AE8: =F8*INDEX(Régions!$AB$2:$AB$6,MATCH($B8,Régions!$A$2:$A$6,0)) | AF8: =G8*INDEX(Régions!$AC$2:$AC$6,MATCH($B8,Régions!$A$2:$A$6,0)) | AG8: =H8*INDEX(Régions!$AD$2:$AD$6,MATCH($B8,Régions!$A$2:$A$6,0)) | AH8: =I8*INDEX(Régions!$AE$2:$AE$6,MATCH($B8,Régions!$A$2:$A$6,0)) | AI8: =D8*INDEX(Régions!$AF$2:$AF$6,MATCH($B8,Régions!$A$2:$A$6,0)) | AJ8: =E8*INDEX(Régions!$AG$2:$AG$6,MATCH($B8,Régions!$A$2:$A$6,0)) | AK8: =F8*INDEX(Régions!$AH$2:$AH$6,MATCH($B8,Régions!$A$2:$A$6,0)) | AL8: =G8*INDEX(Régions!$AI$2:$AI$6,MATCH($B8,Régions!$A$2:$A$6,0)) | AM8: =H8*INDEX(Régions!$AJ$2:$AJ$6,MATCH($B8,Régions!$A$2:$A$6,0)) | AN8: =I8*INDEX(Régions!$AK$2:$AK$6,MATCH($B8,Régions!$A$2:$A$6,0)) | AO8: =INDEX({"CAQ","PLQ","QS","PQ","PCQ","Autre"},MATCH(MAX(Q8:V8),Q8:V8,0)) | AP8: =INDEX({"CAQ","PLQ","QS","PQ","PCQ","Autre"},MATCH(MAX(W8:AB8),W8:AB8,0)) | AQ8: =INDEX({"CAQ","PLQ","QS","PQ","PCQ","Autre"},MATCH(MAX(AC8:AH8),AC8:AH8,0)) | AR8: =INDEX({"CAQ","PLQ","QS","PQ","PCQ","Autre"},MATCH(MAX(AI8:AN8),AI8:AN8,0)) | AS8: =(MAX(K8:P8)-LARGE(K8:P8,2))*100 | AT8: =IF(AS8<5,"Oui","Non") | AU8: -28.885 | AV8: -0.081 | AW8: -1.54 | AX8: 4.8 | AY8: 20038 | AZ8: 4729 | BA8: 2131 | BB8: 1546 | BC8: 1748 | BD8: =AY8*INDEX(Régions!$AQ$2:$AQ$6,MATCH($B8,Régions!$A$2:$A$6,0)) | BE8: =AZ8*INDEX(Régions!$AR$2:$AR$6,MATCH($B8,Régions!$A$2:$A$6,0)) | BF8: =BA8*INDEX(Régions!$AS$2:$AS$6,MATCH($B8,Régions!$A$2:$A$6,0)) | BG8: =BB8*INDEX(Régions!$AT$2:$AT$6,MATCH($B8,Régions!$A$2:$A$6,0)) | BH8: =U8 | BI8: =BC8*INDEX(Régions!$AU$2:$AU$6,MATCH($B8,Régions!$A$2:$A$6,0)) | BJ8: =INDEX({"CAQ","PLQ","QS","PQ","PCQ","Autre"},MATCH(MAX(BD8:BI8),BD8:BI8,0))
A9: Beauce-Sud | B9: Reste du Québec | C9: CAQ | D9: 16615 | E9: 1057 | F9: 1623 | G9: 1505 | H9: 16187 | I9: 306 | J9: =SUM(D9:I9) | K9: =IFERROR(D9/J9,0) | L9: =IFERROR(E9/J9,0) | M9: =IFERROR(F9/J9,0) | N9: =IFERROR(G9/J9,0) | O9: =IFERROR(H9/J9,0) | P9: =IFERROR(I9/J9,0) | Q9: =D9*INDEX(Régions!$T$2:$T$6,MATCH($B9,Régions!$A$2:$A$6,0)) | R9: =E9*INDEX(Régions!$U$2:$U$6,MATCH($B9,Régions!$A$2:$A$6,0)) | S9: =F9*INDEX(Régions!$V$2:$V$6,MATCH($B9,Régions!$A$2:$A$6,0)) | T9: =G9*INDEX(Régions!$W$2:$W$6,MATCH($B9,Régions!$A$2:$A$6,0)) | U9: =H9*INDEX(Régions!$X$2:$X$6,MATCH($B9,Régions!$A$2:$A$6,0)) | V9: =I9*INDEX(Régions!$Y$2:$Y$6,MATCH($B9,Régions!$A$2:$A$6,0)) | W9: =Q9+(AU9/100)*J9*Régions!$O$2 | X9: =R9+(AV9/100)*J9*Régions!$O$2 | Y9: =S9+(AW9/100)*J9*Régions!$O$2 | Z9: =T9+(AX9/100)*J9*Régions!$O$2 | AA9: =U9 | AB9: =V9 | AC9: =D9*INDEX(Régions!$Z$2:$Z$6,MATCH($B9,Régions!$A$2:$A$6,0)) | AD9: =E9*INDEX(Régions!$AA$2:$AA$6,MATCH($B9,Régions!$A$2:$A$6,0)) | AE9: =F9*INDEX(Régions!$AB$2:$AB$6,MATCH($B9,Régions!$A$2:$A$6,0)) | AF9: =G9*INDEX(Régions!$AC$2:$AC$6,MATCH($B9,Régions!$A$2:$A$6,0)) | AG9: =H9*INDEX(Régions!$AD$2:$AD$6,MATCH($B9,Régions!$A$2:$A$6,0)) | AH9: =I9*INDEX(Régions!$AE$2:$AE$6,MATCH($B9,Régions!$A$2:$A$6,0)) | AI9: =D9*INDEX(Régions!$AF$2:$AF$6,MATCH($B9,Régions!$A$2:$A$6,0)) | AJ9: =E9*INDEX(Régions!$AG$2:$AG$6,MATCH($B9,Régions!$A$2:$A$6,0)) | AK9: =F9*INDEX(Régions!$AH$2:$AH$6,MATCH($B9,Régions!$A$2:$A$6,0)) | AL9: =G9*INDEX(Régions!$AI$2:$AI$6,MATCH($B9,Régions!$A$2:$A$6,0)) | AM9: =H9*INDEX(Régions!$AJ$2:$AJ$6,MATCH($B9,Régions!$A$2:$A$6,0)) | AN9: =I9*INDEX(Régions!$AK$2:$AK$6,MATCH($B9,Régions!$A$2:$A$6,0)) | AO9: =INDEX({"CAQ","PLQ","QS","PQ","PCQ","Autre"},MATCH(MAX(Q9:V9),Q9:V9,0)) | AP9: =INDEX({"CAQ","PLQ","QS","PQ","PCQ","Autre"},MATCH(MAX(W9:AB9),W9:AB9,0)) | AQ9: =INDEX({"CAQ","PLQ","QS","PQ","PCQ","Autre"},MATCH(MAX(AC9:AH9),AC9:AH9,0)) | AR9: =INDEX({"CAQ","PLQ","QS","PQ","PCQ","Autre"},MATCH(MAX(AI9:AN9),AI9:AN9,0)) | AS9: =(MAX(K9:P9)-LARGE(K9:P9,2))*100 | AT9: =IF(AS9<5,"Oui","Non") | AU9: -24.076 | AV9: -5.246 | AW9: -0.451 | AX9: 3.906 | AY9: 20937 | AZ9: 6958 | BA9: 1934 | BB9: 1374 | BC9: 2200 | BD9: =AY9*INDEX(Régions!$AQ$2:$AQ$6,MATCH($B9,Régions!$A$2:$A$6,0)) | BE9: =AZ9*INDEX(Régions!$AR$2:$AR$6,MATCH($B9,Régions!$A$2:$A$6,0)) | BF9: =BA9*INDEX(Régions!$AS$2:$AS$6,MATCH($B9,Régions!$A$2:$A$6,0)) | BG9: =BB9*INDEX(Régions!$AT$2:$AT$6,MATCH($B9,Régions!$A$2:$A$6,0)) | BH9: =U9 | BI9: =BC9*INDEX(Régions!$AU$2:$AU$6,MATCH($B9,Régions!$A$2:$A$6,0)) | BJ9: =INDEX({"CAQ","PLQ","QS","PQ","PCQ","Autre"},MATCH(MAX(BD9:BI9),BD9:BI9,0))
A10: Beauharnois | B10: Banlieue de Montréal | C10: CAQ | D10: 19554 | E10: 2796 | F10: 4724 | G10: 6043 | H10: 3601 | I10: 457 | J10: =SUM(D10:I10) | K10: =IFERROR(D10/J10,0) | L10: =IFERROR(E10/J10,0) | M10: =IFERROR(F10/J10,0) | N10: =IFERROR(G10/J10,0) | O10: =IFERROR(H10/J10,0) | P10: =IFERROR(I10/J10,0) | Q10: =D10*INDEX(Régions!$T$2:$T$6,MATCH($B10,Régions!$A$2:$A$6,0)) | R10: =E10*INDEX(Régions!$U$2:$U$6,MATCH($B10,Régions!$A$2:$A$6,0)) | S10: =F10*INDEX(Régions!$V$2:$V$6,MATCH($B10,Régions!$A$2:$A$6,0)) | T10: =G10*INDEX(Régions!$W$2:$W$6,MATCH($B10,Régions!$A$2:$A$6,0)) | U10: =H10*INDEX(Régions!$X$2:$X$6,MATCH($B10,Régions!$A$2:$A$6,0)) | V10: =I10*INDEX(Régions!$Y$2:$Y$6,MATCH($B10,Régions!$A$2:$A$6,0)) | W10: =Q10+(AU10/100)*J10*Régions!$O$2 | X10: =R10+(AV10/100)*J10*Régions!$O$2 | Y10: =S10+(AW10/100)*J10*Régions!$O$2 | Z10: =T10+(AX10/100)*J10*Régions!$O$2 | AA10: =U10 | AB10: =V10 | AC10: =D10*INDEX(Régions!$Z$2:$Z$6,MATCH($B10,Régions!$A$2:$A$6,0)) | AD10: =E10*INDEX(Régions!$AA$2:$AA$6,MATCH($B10,Régions!$A$2:$A$6,0)) | AE10: =F10*INDEX(Régions!$AB$2:$AB$6,MATCH($B10,Régions!$A$2:$A$6,0)) | AF10: =G10*INDEX(Régions!$AC$2:$AC$6,MATCH($B10,Régions!$A$2:$A$6,0)) | AG10: =H10*INDEX(Régions!$AD$2:$AD$6,MATCH($B10,Régions!$A$2:$A$6,0)) | AH10: =I10*INDEX(Régions!$AE$2:$AE$6,MATCH($B10,Régions!$A$2:$A$6,0)) | AI10: =D10*INDEX(Régions!$AF$2:$AF$6,MATCH($B10,Régions!$A$2:$A$6,0)) | AJ10: =E10*INDEX(Régions!$AG$2:$AG$6,MATCH($B10,Régions!$A$2:$A$6,0)) | AK10: =F10*INDEX(Régions!$AH$2:$AH$6,MATCH($B10,Régions!$A$2:$A$6,0)) | AL10: =G10*INDEX(Régions!$AI$2:$AI$6,MATCH($B10,Régions!$A$2:$A$6,0)) | AM10: =H10*INDEX(Régions!$AJ$2:$AJ$6,MATCH($B10,Régions!$A$2:$A$6,0)) | AN10: =I10*INDEX(Régions!$AK$2:$AK$6,MATCH($B10,Régions!$A$2:$A$6,0)) | AO10: =INDEX({"CAQ","PLQ","QS","PQ","PCQ","Autre"},MATCH(MAX(Q10:V10),Q10:V10,0)) | AP10: =INDEX({"CAQ","PLQ","QS","PQ","PCQ","Autre"},MATCH(MAX(W10:AB10),W10:AB10,0)) | AQ10: =INDEX({"CAQ","PLQ","QS","PQ","PCQ","Autre"},MATCH(MAX(AC10:AH10),AC10:AH10,0)) | AR10: =INDEX({"CAQ","PLQ","QS","PQ","PCQ","Autre"},MATCH(MAX(AI10:AN10),AI10:AN10,0)) | AS10: =(MAX(K10:P10)-LARGE(K10:P10,2))*100 | AT10: =IF(AS10<5,"Oui","Non") | AU10: 3.564 | AV10: -0.528 | AW10: -1.274 | AX10: -1.366 | AY10: 16442 | AZ10: 5355 | BA10: 5256 | BB10: 7386 | BC10: 1375 | BD10: =AY10*INDEX(Régions!$AQ$2:$AQ$6,MATCH($B10,Régions!$A$2:$A$6,0)) | BE10: =AZ10*INDEX(Régions!$AR$2:$AR$6,MATCH($B10,Régions!$A$2:$A$6,0)) | BF10: =BA10*INDEX(Régions!$AS$2:$AS$6,MATCH($B10,Régions!$A$2:$A$6,0)) | BG10: =BB10*INDEX(Régions!$AT$2:$AT$6,MATCH($B10,Régions!$A$2:$A$6,0)) | BH10: =U10 | BI10: =BC10*INDEX(Régions!$AU$2:$AU$6,MATCH($B10,Régions!$A$2:$A$6,0)) | BJ10: =INDEX({"CAQ","PLQ","QS","PQ","PCQ","Autre"},MATCH(MAX(BD10:BI10),BD10:BI10,0))
A11: Bellechasse | B11: Reste du Québec | C11: CAQ | D11: 15065 | E11: 1360 | F11: 1988 | G11: 2908 | H11: 11612 | I11: 0 | J11: =SUM(D11:I11) | K11: =IFERROR(D11/J11,0) | L11: =IFERROR(E11/J11,0) | M11: =IFERROR(F11/J11,0) | N11: =IFERROR(G11/J11,0) | O11: =IFERROR(H11/J11,0) | P11: =IFERROR(I11/J11,0) | Q11: =D11*INDEX(Régions!$T$2:$T$6,MATCH($B11,Régions!$A$2:$A$6,0)) | R11: =E11*INDEX(Régions!$U$2:$U$6,MATCH($B11,Régions!$A$2:$A$6,0)) | S11: =F11*INDEX(Régions!$V$2:$V$6,MATCH($B11,Régions!$A$2:$A$6,0)) | T11: =G11*INDEX(Régions!$W$2:$W$6,MATCH($B11,Régions!$A$2:$A$6,0)) | U11: =H11*INDEX(Régions!$X$2:$X$6,MATCH($B11,Régions!$A$2:$A$6,0)) | V11: =I11*INDEX(Régions!$Y$2:$Y$6,MATCH($B11,Régions!$A$2:$A$6,0)) | W11: =Q11+(AU11/100)*J11*Régions!$O$2 | X11: =R11+(AV11/100)*J11*Régions!$O$2 | Y11: =S11+(AW11/100)*J11*Régions!$O$2 | Z11: =T11+(AX11/100)*J11*Régions!$O$2 | AA11: =U11 | AB11: =V11 | AC11: =D11*INDEX(Régions!$Z$2:$Z$6,MATCH($B11,Régions!$A$2:$A$6,0)) | AD11: =E11*INDEX(Régions!$AA$2:$AA$6,MATCH($B11,Régions!$A$2:$A$6,0)) | AE11: =F11*INDEX(Régions!$AB$2:$AB$6,MATCH($B11,Régions!$A$2:$A$6,0)) | AF11: =G11*INDEX(Régions!$AC$2:$AC$6,MATCH($B11,Régions!$A$2:$A$6,0)) | AG11: =H11*INDEX(Régions!$AD$2:$AD$6,MATCH($B11,Régions!$A$2:$A$6,0)) | AH11: =I11*INDEX(Régions!$AE$2:$AE$6,MATCH($B11,Régions!$A$2:$A$6,0)) | AI11: =D11*INDEX(Régions!$AF$2:$AF$6,MATCH($B11,Régions!$A$2:$A$6,0)) | AJ11: =E11*INDEX(Régions!$AG$2:$AG$6,MATCH($B11,Régions!$A$2:$A$6,0)) | AK11: =F11*INDEX(Régions!$AH$2:$AH$6,MATCH($B11,Régions!$A$2:$A$6,0)) | AL11: =G11*INDEX(Régions!$AI$2:$AI$6,MATCH($B11,Régions!$A$2:$A$6,0)) | AM11: =H11*INDEX(Régions!$AJ$2:$AJ$6,MATCH($B11,Régions!$A$2:$A$6,0)) | AN11: =I11*INDEX(Régions!$AK$2:$AK$6,MATCH($B11,Régions!$A$2:$A$6,0)) | AO11: =INDEX({"CAQ","PLQ","QS","PQ","PCQ","Autre"},MATCH(MAX(Q11:V11),Q11:V11,0)) | AP11: =INDEX({"CAQ","PLQ","QS","PQ","PCQ","Autre"},MATCH(MAX(W11:AB11),W11:AB11,0)) | AQ11: =INDEX({"CAQ","PLQ","QS","PQ","PCQ","Autre"},MATCH(MAX(AC11:AH11),AC11:AH11,0)) | AR11: =INDEX({"CAQ","PLQ","QS","PQ","PCQ","Autre"},MATCH(MAX(AI11:AN11),AI11:AN11,0)) | AS11: =(MAX(K11:P11)-LARGE(K11:P11,2))*100 | AT11: =IF(AS11<5,"Oui","Non") | AU11: -14.054 | AV11: -10.282 | AW11: -0.481 | AX11: 5.554 | AY11: 16302 | AZ11: 8223 | BA11: 2272 | BB11: 2198 | BC11: 1279 | BD11: =AY11*INDEX(Régions!$AQ$2:$AQ$6,MATCH($B11,Régions!$A$2:$A$6,0)) | BE11: =AZ11*INDEX(Régions!$AR$2:$AR$6,MATCH($B11,Régions!$A$2:$A$6,0)) | BF11: =BA11*INDEX(Régions!$AS$2:$AS$6,MATCH($B11,Régions!$A$2:$A$6,0)) | BG11: =BB11*INDEX(Régions!$AT$2:$AT$6,MATCH($B11,Régions!$A$2:$A$6,0)) | BH11: =U11 | BI11: =BC11*INDEX(Régions!$AU$2:$AU$6,MATCH($B11,Régions!$A$2:$A$6,0)) | BJ11: =INDEX({"CAQ","PLQ","QS","PQ","PCQ","Autre"},MATCH(MAX(BD11:BI11),BD11:BI11,0))
A12: Bellefeuille | B12: Reste du Québec | C12: CAQ | D12: 13523 | E12: 1898 | F12: 3856 | G12: 4873 | H12: 3366 | I12: 330 | J12: =SUM(D12:I12) | K12: =IFERROR(D12/J12,0) | L12: =IFERROR(E12/J12,0) | M12: =IFERROR(F12/J12,0) | N12: =IFERROR(G12/J12,0) | O12: =IFERROR(H12/J12,0) | P12: =IFERROR(I12/J12,0) | Q12: =D12*INDEX(Régions!$T$2:$T$6,MATCH($B12,Régions!$A$2:$A$6,0)) | R12: =E12*INDEX(Régions!$U$2:$U$6,MATCH($B12,Régions!$A$2:$A$6,0)) | S12: =F12*INDEX(Régions!$V$2:$V$6,MATCH($B12,Régions!$A$2:$A$6,0)) | T12: =G12*INDEX(Régions!$W$2:$W$6,MATCH($B12,Régions!$A$2:$A$6,0)) | U12: =H12*INDEX(Régions!$X$2:$X$6,MATCH($B12,Régions!$A$2:$A$6,0)) | V12: =I12*INDEX(Régions!$Y$2:$Y$6,MATCH($B12,Régions!$A$2:$A$6,0)) | W12: =Q12+(AU12/100)*J12*Régions!$O$2 | X12: =R12+(AV12/100)*J12*Régions!$O$2 | Y12: =S12+(AW12/100)*J12*Régions!$O$2 | Z12: =T12+(AX12/100)*J12*Régions!$O$2 | AA12: =U12 | AB12: =V12 | AC12: =D12*INDEX(Régions!$Z$2:$Z$6,MATCH($B12,Régions!$A$2:$A$6,0)) | AD12: =E12*INDEX(Régions!$AA$2:$AA$6,MATCH($B12,Régions!$A$2:$A$6,0)) | AE12: =F12*INDEX(Régions!$AB$2:$AB$6,MATCH($B12,Régions!$A$2:$A$6,0)) | AF12: =G12*INDEX(Régions!$AC$2:$AC$6,MATCH($B12,Régions!$A$2:$A$6,0)) | AG12: =H12*INDEX(Régions!$AD$2:$AD$6,MATCH($B12,Régions!$A$2:$A$6,0)) | AH12: =I12*INDEX(Régions!$AE$2:$AE$6,MATCH($B12,Régions!$A$2:$A$6,0)) | AI12: =D12*INDEX(Régions!$AF$2:$AF$6,MATCH($B12,Régions!$A$2:$A$6,0)) | AJ12: =E12*INDEX(Régions!$AG$2:$AG$6,MATCH($B12,Régions!$A$2:$A$6,0)) | AK12: =F12*INDEX(Régions!$AH$2:$AH$6,MATCH($B12,Régions!$A$2:$A$6,0)) | AL12: =G12*INDEX(Régions!$AI$2:$AI$6,MATCH($B12,Régions!$A$2:$A$6,0)) | AM12: =H12*INDEX(Régions!$AJ$2:$AJ$6,MATCH($B12,Régions!$A$2:$A$6,0)) | AN12: =I12*INDEX(Régions!$AK$2:$AK$6,MATCH($B12,Régions!$A$2:$A$6,0)) | AO12: =INDEX({"CAQ","PLQ","QS","PQ","PCQ","Autre"},MATCH(MAX(Q12:V12),Q12:V12,0)) | AP12: =INDEX({"CAQ","PLQ","QS","PQ","PCQ","Autre"},MATCH(MAX(W12:AB12),W12:AB12,0)) | AQ12: =INDEX({"CAQ","PLQ","QS","PQ","PCQ","Autre"},MATCH(MAX(AC12:AH12),AC12:AH12,0)) | AR12: =INDEX({"CAQ","PLQ","QS","PQ","PCQ","Autre"},MATCH(MAX(AI12:AN12),AI12:AN12,0)) | AS12: =(MAX(K12:P12)-LARGE(K12:P12,2))*100 | AT12: =IF(AS12<5,"Oui","Non") | AU12: -2.474 | AV12: 8.09 | AW12: 0.311 | AX12: -1.669 | AY12: 11805 | AZ12: 3005 | BA12: 3803 | BB12: 6061 | BC12: 1507 | BD12: =AY12*INDEX(Régions!$AQ$2:$AQ$6,MATCH($B12,Régions!$A$2:$A$6,0)) | BE12: =AZ12*INDEX(Régions!$AR$2:$AR$6,MATCH($B12,Régions!$A$2:$A$6,0)) | BF12: =BA12*INDEX(Régions!$AS$2:$AS$6,MATCH($B12,Régions!$A$2:$A$6,0)) | BG12: =BB12*INDEX(Régions!$AT$2:$AT$6,MATCH($B12,Régions!$A$2:$A$6,0)) | BH12: =U12 | BI12: =BC12*INDEX(Régions!$AU$2:$AU$6,MATCH($B12,Régions!$A$2:$A$6,0)) | BJ12: =INDEX({"CAQ","PLQ","QS","PQ","PCQ","Autre"},MATCH(MAX(BD12:BI12),BD12:BI12,0))
A13: Berthier | B13: Reste du Québec | C13: CAQ | D13: 17317 | E13: 867 | F13: 4788 | G13: 7073 | H13: 3735 | I13: 197 | J13: =SUM(D13:I13) | K13: =IFERROR(D13/J13,0) | L13: =IFERROR(E13/J13,0) | M13: =IFERROR(F13/J13,0) | N13: =IFERROR(G13/J13,0) | O13: =IFERROR(H13/J13,0) | P13: =IFERROR(I13/J13,0) | Q13: =D13*INDEX(Régions!$T$2:$T$6,MATCH($B13,Régions!$A$2:$A$6,0)) | R13: =E13*INDEX(Régions!$U$2:$U$6,MATCH($B13,Régions!$A$2:$A$6,0)) | S13: =F13*INDEX(Régions!$V$2:$V$6,MATCH($B13,Régions!$A$2:$A$6,0)) | T13: =G13*INDEX(Régions!$W$2:$W$6,MATCH($B13,Régions!$A$2:$A$6,0)) | U13: =H13*INDEX(Régions!$X$2:$X$6,MATCH($B13,Régions!$A$2:$A$6,0)) | V13: =I13*INDEX(Régions!$Y$2:$Y$6,MATCH($B13,Régions!$A$2:$A$6,0)) | W13: =Q13+(AU13/100)*J13*Régions!$O$2 | X13: =R13+(AV13/100)*J13*Régions!$O$2 | Y13: =S13+(AW13/100)*J13*Régions!$O$2 | Z13: =T13+(AX13/100)*J13*Régions!$O$2 | AA13: =U13 | AB13: =V13 | AC13: =D13*INDEX(Régions!$Z$2:$Z$6,MATCH($B13,Régions!$A$2:$A$6,0)) | AD13: =E13*INDEX(Régions!$AA$2:$AA$6,MATCH($B13,Régions!$A$2:$A$6,0)) | AE13: =F13*INDEX(Régions!$AB$2:$AB$6,MATCH($B13,Régions!$A$2:$A$6,0)) | AF13: =G13*INDEX(Régions!$AC$2:$AC$6,MATCH($B13,Régions!$A$2:$A$6,0)) | AG13: =H13*INDEX(Régions!$AD$2:$AD$6,MATCH($B13,Régions!$A$2:$A$6,0)) | AH13: =I13*INDEX(Régions!$AE$2:$AE$6,MATCH($B13,Régions!$A$2:$A$6,0)) | AI13: =D13*INDEX(Régions!$AF$2:$AF$6,MATCH($B13,Régions!$A$2:$A$6,0)) | AJ13: =E13*INDEX(Régions!$AG$2:$AG$6,MATCH($B13,Régions!$A$2:$A$6,0)) | AK13: =F13*INDEX(Régions!$AH$2:$AH$6,MATCH($B13,Régions!$A$2:$A$6,0)) | AL13: =G13*INDEX(Régions!$AI$2:$AI$6,MATCH($B13,Régions!$A$2:$A$6,0)) | AM13: =H13*INDEX(Régions!$AJ$2:$AJ$6,MATCH($B13,Régions!$A$2:$A$6,0)) | AN13: =I13*INDEX(Régions!$AK$2:$AK$6,MATCH($B13,Régions!$A$2:$A$6,0)) | AO13: =INDEX({"CAQ","PLQ","QS","PQ","PCQ","Autre"},MATCH(MAX(Q13:V13),Q13:V13,0)) | AP13: =INDEX({"CAQ","PLQ","QS","PQ","PCQ","Autre"},MATCH(MAX(W13:AB13),W13:AB13,0)) | AQ13: =INDEX({"CAQ","PLQ","QS","PQ","PCQ","Autre"},MATCH(MAX(AC13:AH13),AC13:AH13,0)) | AR13: =INDEX({"CAQ","PLQ","QS","PQ","PCQ","Autre"},MATCH(MAX(AI13:AN13),AI13:AN13,0)) | AS13: =(MAX(K13:P13)-LARGE(K13:P13,2))*100 | AT13: =IF(AS13<5,"Oui","Non") | AU13: -0.114 | AV13: 7.668 | AW13: -0.347 | AX13: -4.123 | AY13: 14703 | AZ13: 2487 | BA13: 5026 | BB13: 9423 | BC13: 940 | BD13: =AY13*INDEX(Régions!$AQ$2:$AQ$6,MATCH($B13,Régions!$A$2:$A$6,0)) | BE13: =AZ13*INDEX(Régions!$AR$2:$AR$6,MATCH($B13,Régions!$A$2:$A$6,0)) | BF13: =BA13*INDEX(Régions!$AS$2:$AS$6,MATCH($B13,Régions!$A$2:$A$6,0)) | BG13: =BB13*INDEX(Régions!$AT$2:$AT$6,MATCH($B13,Régions!$A$2:$A$6,0)) | BH13: =U13 | BI13: =BC13*INDEX(Régions!$AU$2:$AU$6,MATCH($B13,Régions!$A$2:$A$6,0)) | BJ13: =INDEX({"CAQ","PLQ","QS","PQ","PCQ","Autre"},MATCH(MAX(BD13:BI13),BD13:BI13,0))
... A128: Îles-de-la-Madeleine | B128: Reste du Québec | C128: PQ | D128: 3338 | E128: 606 | F128: 450 | G128: 3877 | H128: 93 | I128: 0 | J128: =SUM(D128:I128) | K128: =IFERROR(D128/J128,0) | L128: =IFERROR(E128/J128,0) | M128: =IFERROR(F128/J128,0) | N128: =IFERROR(G128/J128,0) | O128: =IFERROR(H128/J128,0) | P128: =IFERROR(I128/J128,0) | Q128: =D128*INDEX(Régions!$T$2:$T$6,MATCH($B128,Régions!$A$2:$A$6,0)) | R128: =E128*INDEX(Régions!$U$2:$U$6,MATCH($B128,Régions!$A$2:$A$6,0)) | S128: =F128*INDEX(Régions!$V$2:$V$6,MATCH($B128,Régions!$A$2:$A$6,0)) | T128: =G128*INDEX(Régions!$W$2:$W$6,MATCH($B128,Régions!$A$2:$A$6,0)) | U128: =H128*INDEX(Régions!$X$2:$X$6,MATCH($B128,Régions!$A$2:$A$6,0)) | V128: =I128*INDEX(Régions!$Y$2:$Y$6,MATCH($B128,Régions!$A$2:$A$6,0)) | W128: =Q128+(AU128/100)*J128*Régions!$O$2 | X128: =R128+(AV128/100)*J128*Régions!$O$2 | Y128: =S128+(AW128/100)*J128*Régions!$O$2 | Z128: =T128+(AX128/100)*J128*Régions!$O$2 | AA128: =U128 | AB128: =V128 | AC128: =D128*INDEX(Régions!$Z$2:$Z$6,MATCH($B128,Régions!$A$2:$A$6,0)) | AD128: =E128*INDEX(Régions!$AA$2:$AA$6,MATCH($B128,Régions!$A$2:$A$6,0)) | AE128: =F128*INDEX(Régions!$AB$2:$AB$6,MATCH($B128,Régions!$A$2:$A$6,0)) | AF128: =G128*INDEX(Régions!$AC$2:$AC$6,MATCH($B128,Régions!$A$2:$A$6,0)) | AG128: =H128*INDEX(Régions!$AD$2:$AD$6,MATCH($B128,Régions!$A$2:$A$6,0)) | AH128: =I128*INDEX(Régions!$AE$2:$AE$6,MATCH($B128,Régions!$A$2:$A$6,0)) | AI128: =D128*INDEX(Régions!$AF$2:$AF$6,MATCH($B128,Régions!$A$2:$A$6,0)) | AJ128: =E128*INDEX(Régions!$AG$2:$AG$6,MATCH($B128,Régions!$A$2:$A$6,0)) | AK128: =F128*INDEX(Régions!$AH$2:$AH$6,MATCH($B128,Régions!$A$2:$A$6,0)) | AL128: =G128*INDEX(Régions!$AI$2:$AI$6,MATCH($B128,Régions!$A$2:$A$6,0)) | AM128: =H128*INDEX(Régions!$AJ$2:$AJ$6,MATCH($B128,Régions!$A$2:$A$6,0)) | AN128: =I128*INDEX(Régions!$AK$2:$AK$6,MATCH($B128,Régions!$A$2:$A$6,0)) | AO128: =INDEX({"CAQ","PLQ","QS","PQ","PCQ","Autre"},MATCH(MAX(Q128:V128),Q128:V128,0)) | AP128: =INDEX({"CAQ","PLQ","QS","PQ","PCQ","Autre"},MATCH(MAX(W128:AB128),W128:AB128,0)) | AQ128: =INDEX({"CAQ","PLQ","QS","PQ","PCQ","Autre"},MATCH(MAX(AC128:AH128),AC128:AH128,0)) | AR128: =INDEX({"CAQ","PLQ","QS","PQ","PCQ","Autre"},MATCH(MAX(AI128:AN128),AI128:AN128,0)) | AS128: =(MAX(K128:P128)-LARGE(K128:P128,2))*100 | AT128: =IF(AS128<5,"Oui","Non") | AU128: 24.62 | AV128: -18.461 | AW128: -7.184 | AX128: 11.685 | AY128: 714 | AZ128: 2940 | BA128: 1036 | BB128: 2955 | BC128: 0 | BD128: =AY128*INDEX(Régions!$AQ$2:$AQ$6,MATCH($B128,Régions!$A$2:$A$6,0)) | BE128: =AZ128*INDEX(Régions!$AR$2:$AR$6,MATCH($B128,Régions!$A$2:$A$6,0)) | BF128: =BA128*INDEX(Régions!$AS$2:$AS$6,MATCH($B128,Régions!$A$2:$A$6,0)) | BG128: =BB128*INDEX(Régions!$AT$2:$AT$6,MATCH($B128,Régions!$A$2:$A$6,0)) | BH128: =U128 | BI128: =BC128*INDEX(Régions!$AU$2:$AU$6,MATCH($B128,Régions!$A$2:$A$6,0)) | BJ128: =INDEX({"CAQ","PLQ","QS","PQ","PCQ","Autre"},MATCH(MAX(BD128:BI128),BD128:BI128,0))

Sheet Régions
A1: Région | B1: Réf. CAQ% | C1: Réf. PLQ% | D1: Réf. QS% | E1: Réf. PQ% | F1: Réf. PCQ% | G1: Réf. Autre% | H1: Sond. CAQ | I1: Sond. PLQ | J1: Sond. QS | K1: Sond. PQ | L1: Sond. PCQ | M1: Sond. Autre | N1: Marge (pp) | O1: Facteur inertie | T1: SwA CAQ | U1: SwA PLQ | V1: SwA QS | W1: SwA PQ | X1: SwA PCQ | Y1: SwA Autre | Z1: SwC CAQ | AA1: SwC PLQ | AB1: SwC QS | AC1: SwC PQ | AD1: SwC PCQ | AE1: SwC Autre | AF1: SwD CAQ | AG1: SwD PLQ | AH1: SwD QS | AI1: SwD PQ | AJ1: SwD PCQ | AK1: SwD Autre | AL1: Réf18 CAQ% | AM1: Réf18 PLQ% | AN1: Réf18 QS% | AO1: Réf18 PQ% | AP1: Réf18 Autre% | AQ1: SwE CAQ | AR1: SwE PLQ | AS1: SwE QS | AT1: SwE PQ | AU1: SwE Autre
A2: Montréal RMR | B2: 36.26 | C2: 21.22 | D2: 16.83 | E2: 13.61 | F2: 10.17 | G2: 1.92 | H2: 24.2 | I2: 25.6 | J2: 8.2 | K2: 29.3 | L2: 11.9 | M2: 0.8 | N2: 2.9 | O2: 0.5 | T2: =IFERROR(H2/B2,1) | U2: =IFERROR(I2/C2,1) | V2: =IFERROR(J2/D2,1) | W2: =IFERROR(K2/E2,1) | X2: =IFERROR(L2/F2,1) | Y2: =IFERROR(M2/G2,1) | Z2: =IFERROR((H2+$N$2)/B2,1) | AA2: =IFERROR((I2+$N$2)/C2,1) | AB2: =IFERROR((J2+$N$2)/D2,1) | AC2: =IFERROR((K2+$N$2)/E2,1) | AD2: =IFERROR((L2+$N$2)/F2,1) | AE2: =IFERROR((M2+$N$2)/G2,1) | AF2: =IFERROR(MAX((H2-$N$2),0)/B2,1) | AG2: =IFERROR(MAX((I2-$N$2),0)/C2,1) | AH2: =IFERROR(MAX((J2-$N$2),0)/D2,1) | AI2: =IFERROR(MAX((K2-$N$2),0)/E2,1) | AJ2: =IFERROR(MAX((L2-$N$2),0)/F2,1) | AK2: =IFERROR(MAX((M2-$N$2),0)/G2,1)
A3: Île de Montréal | B3: 20.01 | C3: 34.06 | D3: 22.15 | E3: 10.67 | F3: 9.97 | G3: 3.13 | H3: 10.4 | I3: 34.5 | J3: 14 | K3: 26.6 | L3: 14.2 | M3: 0.3 | N3: ← modifier ici | O3: ← modifier ici | T3: =IFERROR(H3/B3,1) | U3: =IFERROR(I3/C3,1) | V3: =IFERROR(J3/D3,1) | W3: =IFERROR(K3/E3,1) | X3: =IFERROR(L3/F3,1) | Y3: =IFERROR(M3/G3,1) | Z3: =IFERROR((H3+$N$2)/B3,1) | AA3: =IFERROR((I3+$N$2)/C3,1) | AB3: =IFERROR((J3+$N$2)/D3,1) | AC3: =IFERROR((K3+$N$2)/E3,1) | AD3: =IFERROR((L3+$N$2)/F3,1) | AE3: =IFERROR((M3+$N$2)/G3,1) | AF3: =IFERROR(MAX((H3-$N$2),0)/B3,1) | AG3: =IFERROR(MAX((I3-$N$2),0)/C3,1) | AH3: =IFERROR(MAX((J3-$N$2),0)/D3,1) | AI3: =IFERROR(MAX((K3-$N$2),0)/E3,1) | AJ3: =IFERROR(MAX((L3-$N$2),0)/F3,1) | AK3: =IFERROR(MAX((M3-$N$2),0)/G3,1) | AL3: 18.01 | AM3: 42.46 | AN3: 21.66 | AO3: 11.91 | AP3: 5.96 | AQ3: =IFERROR(H3/AL3,1) | AR3: =IFERROR(I3/AM3,1) | AS3: =IFERROR(J3/AN3,1) | AT3: =IFERROR(K3/AO3,1) | AU3: =IFERROR(M3/AP3,1)
A4: Banlieue de Montréal | B4: 45.27 | C4: 14.09 | D4: 13.88 | E4: 15.24 | F4: 10.28 | G4: 1.24 | H4: 33.4 | I4: 19.6 | J4: 4.4 | K4: 31.2 | L4: 10.3 | M4: 1.1 | T4: =IFERROR(H4/B4,1) | U4: =IFERROR(I4/C4,1) | V4: =IFERROR(J4/D4,1) | W4: =IFERROR(K4/E4,1) | X4: =IFERROR(L4/F4,1) | Y4: =IFERROR(M4/G4,1) | Z4: =IFERROR((H4+$N$2)/B4,1) | AA4: =IFERROR((I4+$N$2)/C4,1) | AB4: =IFERROR((J4+$N$2)/D4,1) | AC4: =IFERROR((K4+$N$2)/E4,1) | AD4: =IFERROR((L4+$N$2)/F4,1) | AE4: =IFERROR((M4+$N$2)/G4,1) | AF4: =IFERROR(MAX((H4-$N$2),0)/B4,1) | AG4: =IFERROR(MAX((I4-$N$2),0)/C4,1) | AH4: =IFERROR(MAX((J4-$N$2),0)/D4,1) | AI4: =IFERROR(MAX((K4-$N$2),0)/E4,1) | AJ4: =IFERROR(MAX((L4-$N$2),0)/F4,1) | AK4: =IFERROR(MAX((M4-$N$2),0)/G4,1) | AL4: 42.09 | AM4: 20.94 | AN4: 14.6 | AO4: 18.31 | AP4: 4.06 | AQ4: =IFERROR(H4/AL4,1) | AR4: =IFERROR(I4/AM4,1) | AS4: =IFERROR(J4/AN4,1) | AT4: =IFERROR(K4/AO4,1) | AU4: =IFERROR(M4/AP4,1)
A5: Québec RMR | B5: 43.15 | C5: 5.84 | D5: 15.27 | E5: 13.27 | F5: 21.42 | G5: 1.06 | H5: 24.4 | I5: 8.8 | J5: 9.3 | K5: 25.8 | L5: 31.6 | M5: 0 | T5: =IFERROR(H5/B5,1) | U5: =IFERROR(I5/C5,1) | V5: =IFERROR(J5/D5,1) | W5: =IFERROR(K5/E5,1) | X5: =IFERROR(L5/F5,1) | Y5: =IFERROR(M5/G5,1) | Z5: =IFERROR((H5+$N$2)/B5,1) | AA5: =IFERROR((I5+$N$2)/C5,1) | AB5: =IFERROR((J5+$N$2)/D5,1) | AC5: =IFERROR((K5+$N$2)/E5,1) | AD5: =IFERROR((L5+$N$2)/F5,1) | AE5: =IFERROR((M5+$N$2)/G5,1) | AF5: =IFERROR(MAX((H5-$N$2),0)/B5,1) | AG5: =IFERROR(MAX((I5-$N$2),0)/C5,1) | AH5: =IFERROR(MAX((J5-$N$2),0)/D5,1) | AI5: =IFERROR(MAX((K5-$N$2),0)/E5,1) | AJ5: =IFERROR(MAX((L5-$N$2),0)/F5,1) | AK5: =IFERROR(MAX((M5-$N$2),0)/G5,1) | AL5: 45.85 | AM5: 20.75 | AN5: 16.04 | AO5: 11.4 | AP5: 5.96 | AQ5: =IFERROR(H5/AL5,1) | AR5: =IFERROR(I5/AM5,1) | AS5: =IFERROR(J5/AN5,1) | AT5: =IFERROR(K5/AO5,1) | AU5: =IFERROR(M5/AP5,1)
A6: Reste du Québec | B6: 47.4 | C6: 6.99 | D6: 13.35 | E6: 16.59 | F6: 14.96 | G6: 0.71 | H6: 24.3 | I6: 18.4 | J6: 11.6 | K6: 28.1 | L6: 17.3 | M6: 0.2 | T6: =IFERROR(H6/B6,1) | U6: =IFERROR(I6/C6,1) | V6: =IFERROR(J6/D6,1) | W6: =IFERROR(K6/E6,1) | X6: =IFERROR(L6/F6,1) | Y6: =IFERROR(M6/G6,1) | Z6: =IFERROR((H6+$N$2)/B6,1) | AA6: =IFERROR((I6+$N$2)/C6,1) | AB6: =IFERROR((J6+$N$2)/D6,1) | AC6: =IFERROR((K6+$N$2)/E6,1) | AD6: =IFERROR((L6+$N$2)/F6,1) | AE6: =IFERROR((M6+$N$2)/G6,1) | AF6: =IFERROR(MAX((H6-$N$2),0)/B6,1) | AG6: =IFERROR(MAX((I6-$N$2),0)/C6,1) | AH6: =IFERROR(MAX((J6-$N$2),0)/D6,1) | AI6: =IFERROR(MAX((K6-$N$2),0)/E6,1) | AJ6: =IFERROR(MAX((L6-$N$2),0)/F6,1) | AK6: =IFERROR(MAX((M6-$N$2),0)/G6,1) | AL6: 41.18 | AM6: 19.79 | AN6: 14.38 | AO6: 20.78 | AP6: 3.87 | AQ6: =IFERROR(H6/AL6,1) | AR6: =IFERROR(I6/AM6,1) | AS6: =IFERROR(J6/AN6,1) | AT6: =IFERROR(K6/AO6,1) | AU6: =IFERROR(M6/AP6,1)

Sheet Méthodologie
A1: Paramètre | B1: Description
A2: Modèle QC127 v4.0 | B2: Projection électorale québécoise – 127 circonscriptions (nouvelle carte 2026), 4 scénarios
A3: Sondage | B3: Pallas Data, 29 août 2026, électeurs décidés et enclins (n=1108, IVR téléphonique). Marge ≈ ±2,9pp (globale, 19 fois sur 20). Répartition régionale utilisée telle que publiée par la firme (Île MTL, Banlieue MTL, Québec RMR, Reste du Québec); Montréal RMR affiché à titre d'agrégat synthétique seulement, non utilisé dans les formules de swing (celles-ci matchent uniquement les 4 régions détaillées).
A4: Source 2022 | B4: DGEQ, Rapport officiel du scrutin, élections générales 2022-10-03.
A5: Source 2018 | B5: DGEQ, Rapport officiel du scrutin, élections générales 2018-10-01. Bourget (2018) → Camille-Laurin (2022).
A7: Redécoupage 2026 | B7: Carte 2022/2018 (125 circ.) recalculée sur les 127 nouvelles circonscriptions par pondération géographique : chaque section de vote 2026 (16 951, avec limites officielles et électeurs 2026) est superposée aux anciennes circonscriptions (shapefiles DGEQ 2022 et 2017) ; les votes de chaque ancienne circonscription sont redistribués au prorata de la surface/électorat qui tombe dans chaque nouvelle circonscription, puis ré-agrégés. Estimation par pondération géographique, PAS un recomptage officiel bureau-de-vote par bureau-de-vote — à traiter comme approximation, surtout dans les circonscriptions aux limites modifiées.
A8: Scénario A | B8: Swing proportionnel régional : votes_projetés = votes_2022 × (sondage_région / réf_2022_région).
A9: Scénario B | B9: Inertie locale : Scén. A + (résidu_local/100 × total_votes × facteur_inertie). Résidu = Δ_circ – Δ_région (2018→2022). Facteur Régions!O2.
A10: Scén. C/D | B10: Fourchette : sondage ± marge d'erreur (Régions!N2 = 2,9pp, Pallas Data 29 août 2026). Montre la plage plausible de sièges.
A12: Scénario E (base 2018) | B12: Même sondage que A-D, mais swing calculé par rapport aux résultats RÉELS de 2018 (recalculés sur la carte 127) plutôt que 2022, pour tester la sensibilité du modèle à l'hypothèse que 2022 ait été un résultat anormal (effet pandémie). PCQ n'existait pas en 2018 : sa projection reste basée sur 2022 (comme au scénario A). La colonne 'Autre' regroupe des candidats différents d'une élection à l'autre — à interpréter avec prudence. Aucun facteur d'inertie locale n'est appliqué ici (le résidu 2018→2022 n'a plus de sens quand 2018 EST la base).
A13: Limites | B13: Modèle déterministe. Pas de régression vers la moyenne. Pas d'effets candidat-vedette. Résidus 2018→2022 peuvent ne pas se répéter.
A14: Pour actualiser | B14: 1) Entrer sondages régionaux dans Régions!H2:M6 2) Ajuster marge en N2 3) Ajuster facteur inertie en O2 4) Lire Sièges.
